{
"type": "FeatureCollection",
"name": "country_line",
"crs": { "type": "name", "properties": { "name": "urn:ogc:def:crs:OGC:1.3:CRS84" } },
"features": [
{ "type": "Feature", "properties": { "border": "RO.RO" }, "geometry": { "type": "LineString", "coordinates": [ [ 29.682032806645839, 45.205833886656556 ], [ 29.673757916579493, 45.206108326647332 ], [ 29.670233700137217, 45.20849841782011 ], [ 29.67257645753963, 45.208877865843291 ], [ 29.662722293513372, 45.211849134601579 ], [ 29.663352978798823, 45.214166086066257 ], [ 29.658098559097485, 45.21429903218749 ], [ 29.637767779060344, 45.224360616943244 ], [ 29.628537098628534, 45.216992527894654 ], [ 29.640832292063067, 45.169480295999684 ], [ 29.650267242914055, 45.160180652784504 ], [ 29.651541081293878, 45.161469934868414 ], [ 29.66222632812152, 45.159886221192203 ], [ 29.675591714021849, 45.160102654095787 ], [ 29.705284733519452, 45.16714904988104 ], [ 29.714531997371186, 45.167349558772599 ], [ 29.715295902262842, 45.165299073867828 ], [ 29.700136833096551, 45.162128643443232 ], [ 29.686998720553014, 45.152484491292654 ], [ 29.667238822011793, 45.123888901391844 ], [ 29.660322843976413, 45.107541971529898 ], [ 29.65570036287556, 45.091633441576228 ], [ 29.652318739772781, 45.059542301954821 ], [ 29.643041527262735, 45.001047936945916 ], [ 29.641521929082565, 44.999769988695697 ], [ 29.644469615986154, 44.998179339663494 ], [ 29.626769122407659, 44.924318104604872 ], [ 29.624836059217238, 44.883797256419484 ], [ 29.619690979518179, 44.884991352367656 ], [ 29.603108053802437, 44.876601698367367 ], [ 29.613421775581415, 44.85677611392974 ], [ 29.616966483758649, 44.867118120219516 ], [ 29.616021032836983, 44.87704292552273 ], [ 29.617783973828132, 44.874718435083437 ], [ 29.617587170304386, 44.864060609212942 ], [ 29.6097566071006, 44.846674186802332 ], [ 29.593553283159746, 44.826192165533627 ], [ 29.567433392243345, 44.80198539383651 ], [ 29.552567826135267, 44.790449272764235 ], [ 29.533576184214205, 44.78150448656946 ], [ 29.516222953655657, 44.775580362614114 ], [ 29.499965046463487, 44.773692229020661 ], [ 29.492270408503202, 44.774329804929586 ], [ 29.485863314138268, 44.77756361881147 ], [ 29.490573605829038, 44.778369259500678 ], [ 29.50219723852026, 44.776471811279499 ], [ 29.500937194098547, 44.778177049426198 ], [ 29.513171041616392, 44.778129764550719 ], [ 29.518903748158426, 44.780106992237009 ], [ 29.51730923645183, 44.78149481777848 ], [ 29.525315422051293, 44.782829039470727 ], [ 29.523518452113571, 44.787535047478478 ], [ 29.545512879515837, 44.789409641501763 ], [ 29.551842350960214, 44.793016209764986 ], [ 29.580428531626183, 44.815250619720231 ], [ 29.608100644905885, 44.845843753900397 ], [ 29.609264694898929, 44.849634200066603 ], [ 29.605784241653854, 44.846637559307375 ], [ 29.599675372288395, 44.845320991504693 ], [ 29.585853326434211, 44.837256168085688 ], [ 29.574118117779271, 44.839132324379349 ], [ 29.563495295705327, 44.827526097819494 ], [ 29.553547573921268, 44.822888357430763 ], [ 29.548925317237103, 44.824379326317732 ], [ 29.524340461023716, 44.824459345330844 ], [ 29.389896090746639, 44.805718381472921 ], [ 29.364802289766285, 44.803983491011053 ], [ 29.325983655094518, 44.80414903057541 ], [ 29.245412836532527, 44.796780688609957 ], [ 29.220023510762562, 44.792016322186036 ], [ 29.18933616731961, 44.78180710431382 ], [ 29.186032424092126, 44.784667908988325 ], [ 29.159146183122772, 44.780029025906288 ], [ 29.128373917252649, 44.770368746463006 ], [ 29.123532003208283, 44.770124453150572 ], [ 29.121856722197055, 44.768021603139502 ], [ 29.085088224172576, 44.749029068517338 ], [ 29.058558756065437, 44.731534773710017 ], [ 29.0293171958551, 44.70927937536392 ], [ 28.995079780849633, 44.67902018127706 ], [ 28.969450516858004, 44.651214786224735 ], [ 28.96038503565433, 44.646093378255031 ], [ 28.95555520897916, 44.64027233680352 ], [ 28.95097798447987, 44.637691225849501 ], [ 28.930959395294249, 44.603992011886056 ], [ 28.929421279384435, 44.604502848552443 ], [ 28.928012399617266, 44.599901066039251 ], [ 28.886605134162973, 44.541066265967935 ], [ 28.857035305186077, 44.505628765738024 ], [ 28.837642354471409, 44.486992745940938 ], [ 28.784731689837038, 44.44537022381116 ], [ 28.769203181444915, 44.429356501494496 ], [ 28.760982155032952, 44.424856004770938 ], [ 28.720658932413372, 44.383599178013256 ], [ 28.710265071664818, 44.375464031804917 ], [ 28.698514574969082, 44.358686826131766 ], [ 28.69449708510404, 44.350092639503508 ], [ 28.695632731120622, 44.344799364078213 ], [ 28.694587701955534, 44.346098368974346 ], [ 28.692510017722793, 44.345686023740072 ], [ 28.689218378986496, 44.341653530438442 ], [ 28.688635953239718, 44.330348827439451 ], [ 28.694707155185643, 44.320664970934899 ], [ 28.688423763589803, 44.329617222424062 ], [ 28.688601275678355, 44.33650129202897 ], [ 28.685585504936554, 44.336792395266841 ], [ 28.685884503239429, 44.34243311413308 ], [ 28.681953647671175, 44.342888154301555 ], [ 28.680486505395887, 44.339462149860978 ], [ 28.677714212696749, 44.339511105909402 ], [ 28.676385436763926, 44.337114707685792 ], [ 28.675004762908973, 44.341793545515721 ], [ 28.677188876566579, 44.344164217606966 ], [ 28.675862505418582, 44.34461858952978 ], [ 28.671816073830936, 44.34094667149769 ], [ 28.66593997488356, 44.341099159751188 ], [ 28.661630188507086, 44.336619770820953 ], [ 28.6616353998519, 44.333328971460986 ], [ 28.672463979421654, 44.333849751161551 ], [ 28.67240512806011, 44.332004005366215 ], [ 28.662670769749724, 44.333067615684506 ], [ 28.66354921182365, 44.332247328934891 ], [ 28.660011965011318, 44.332342272703563 ], [ 28.659569028316177, 44.328928211937473 ], [ 28.651559867384925, 44.327755716400908 ], [ 28.653384497704369, 44.324952160212646 ], [ 28.68934290522423, 44.323549639452501 ], [ 28.689237177993885, 44.322272102869874 ], [ 28.638770780845913, 44.323955764265854 ], [ 28.627560470321495, 44.301704626673647 ], [ 28.62289969169311, 44.282269803132579 ], [ 28.622236120145985, 44.256002429668342 ], [ 28.626101591604126, 44.23811367151405 ], [ 28.629719369254396, 44.2290929015427 ], [ 28.636952023844596, 44.219484644454951 ], [ 28.638957544823651, 44.219874935455493 ], [ 28.639734040343043, 44.218123277963464 ], [ 28.642070898356014, 44.217927836624391 ], [ 28.646870172871974, 44.221368482040106 ], [ 28.650292543301507, 44.219566239881921 ], [ 28.646520508960407, 44.22084029818609 ], [ 28.644258055468406, 44.216541799614966 ], [ 28.651963605500249, 44.211798277568541 ], [ 28.653752197266378, 44.209411693111875 ], [ 28.65257597227621, 44.210314884494245 ], [ 28.650947035408592, 44.208713827207127 ], [ 28.652206315558875, 44.204469586130266 ], [ 28.654161988545358, 44.201873552622885 ], [ 28.656683944372407, 44.201427300885811 ], [ 28.657037638087484, 44.202653343212646 ], [ 28.658736667683513, 44.199372612960516 ], [ 28.656383051956393, 44.198543842771059 ], [ 28.655378208544715, 44.195421960098827 ], [ 28.655741610211344, 44.192778220283245 ], [ 28.658091097261298, 44.192614056435616 ], [ 28.655331612020483, 44.190729535465913 ], [ 28.655543737520475, 44.182287373369775 ], [ 28.657518347413959, 44.181464456517283 ], [ 28.658643374556618, 44.182594631374016 ], [ 28.656773940432156, 44.179080518420172 ], [ 28.65988307111245, 44.178531965089519 ], [ 28.661259634564782, 44.180563869948358 ], [ 28.664615388872079, 44.177745622144535 ], [ 28.660942784034962, 44.179071921984452 ], [ 28.659464269997773, 44.17563343111614 ], [ 28.663113042091663, 44.173788561825319 ], [ 28.663436254660205, 44.174683922679684 ], [ 28.661670604885764, 44.177558880142783 ], [ 28.662081125067687, 44.177820185721473 ], [ 28.665713182135963, 44.172117981289894 ], [ 28.663690150669094, 44.170223907454769 ], [ 28.660378252248798, 44.1699040720246 ], [ 28.658443637464217, 44.161695695626506 ], [ 28.671610489639527, 44.154229395127956 ], [ 28.673159966063285, 44.148821085995102 ], [ 28.673617474381128, 44.143088715445337 ], [ 28.700564321941602, 44.121866752192112 ], [ 28.708169211441998, 44.108423561824196 ], [ 28.703086923448769, 44.114377407898893 ], [ 28.70020457907318, 44.121261433453839 ], [ 28.672378149501267, 44.143314005983122 ], [ 28.671364959664047, 44.153655636743672 ], [ 28.669016644312354, 44.155002927223016 ], [ 28.668082440870123, 44.154162793248709 ], [ 28.664174786039098, 44.157344352674443 ], [ 28.663112471802641, 44.15636372223895 ], [ 28.663231938962738, 44.15793988822351 ], [ 28.660756875099231, 44.157653543178306 ], [ 28.661867910115163, 44.158746858911464 ], [ 28.658274576044615, 44.160707385332657 ], [ 28.656677716512057, 44.157560384575433 ], [ 28.65805369471105, 44.167668470540136 ], [ 28.655245964772657, 44.168167465904034 ], [ 28.65821946424353, 44.168747235266849 ], [ 28.656726824317477, 44.171148924125227 ], [ 28.650915783995689, 44.169790340833423 ], [ 28.650379488266495, 44.166787027091907 ], [ 28.653330819268028, 44.165635247726186 ], [ 28.643176094292684, 44.167146540874491 ], [ 28.645065531260006, 44.165177819841801 ], [ 28.652098984085445, 44.164697300253444 ], [ 28.648992083428265, 44.163027013957837 ], [ 28.652554895382981, 44.162689169702105 ], [ 28.652371177765787, 44.161627187178858 ], [ 28.647028622192938, 44.162123317903401 ], [ 28.646803067044871, 44.161092668937528 ], [ 28.652623857228591, 44.160559923779765 ], [ 28.652437007166412, 44.159412153463883 ], [ 28.64407324267799, 44.160153849764328 ], [ 28.64375801855163, 44.158391177546356 ], [ 28.654028132486644, 44.157433528826886 ], [ 28.653667395059472, 44.155667500981295 ], [ 28.643414545843108, 44.156608352859941 ], [ 28.643050667848417, 44.154643068458569 ], [ 28.654332628940626, 44.1533203332962 ], [ 28.643237658460109, 44.150797881030172 ], [ 28.644064941462855, 44.148912245523832 ], [ 28.65514090451645, 44.151423888037634 ], [ 28.655848138988521, 44.149890487393208 ], [ 28.644744474073796, 44.147363617494975 ], [ 28.645562985235266, 44.145483119001469 ], [ 28.658266342299711, 44.14836455536296 ], [ 28.660686904653183, 44.145840221363926 ], [ 28.660836747120744, 44.148938734364101 ], [ 28.662075266258821, 44.146157955506538 ], [ 28.663770722708865, 44.146491582700897 ], [ 28.662653048131475, 44.14933164118623 ], [ 28.665654438823708, 44.146955162528712 ], [ 28.665470087531485, 44.149996521089719 ], [ 28.667000858428107, 44.146749142665783 ], [ 28.668810604214471, 44.147109750830403 ], [ 28.665711588744287, 44.14514635795809 ], [ 28.64714896507067, 44.140963710296099 ], [ 28.64900861311671, 44.137044720535812 ], [ 28.664766836971065, 44.14049008917619 ], [ 28.65656380064172, 44.137662981415524 ], [ 28.660175083246759, 44.128209799795187 ], [ 28.663190355771672, 44.128219780782914 ], [ 28.661274423725864, 44.124476488801022 ], [ 28.666185058793776, 44.112423107734671 ], [ 28.672534809044027, 44.107783284749658 ], [ 28.677368793409535, 44.107003274831506 ], [ 28.672853000691632, 44.107542075005945 ], [ 28.67317358954687, 44.106613107045085 ], [ 28.667249280525024, 44.111154285917081 ], [ 28.655276679490516, 44.111530682966141 ], [ 28.653787835653155, 44.111974807287197 ], [ 28.665353828362594, 44.112407862541659 ], [ 28.65705307042986, 44.130507896241731 ], [ 28.654122736362282, 44.128571820908036 ], [ 28.656936335526733, 44.121099418651376 ], [ 28.649754685229706, 44.119392574333425 ], [ 28.649362315179893, 44.112815874192705 ], [ 28.652715883169346, 44.111769477713153 ], [ 28.650141523532753, 44.111791992650609 ], [ 28.649072548428173, 44.112886524544798 ], [ 28.649502810899016, 44.119546776358135 ], [ 28.656558133967142, 44.121220073190848 ], [ 28.652798388518132, 44.129768901446241 ], [ 28.651157944041827, 44.12980059980832 ], [ 28.644220197762507, 44.128165616366985 ], [ 28.643405206045738, 44.115136841450017 ], [ 28.641441281885161, 44.115169779398656 ], [ 28.6413476164761, 44.113779138705382 ], [ 28.641291597148548, 44.115330207405648 ], [ 28.643180598574904, 44.11535804519616 ], [ 28.642654044158121, 44.11812522228194 ], [ 28.639219722095362, 44.117452262162686 ], [ 28.639576761709424, 44.11319321086421 ], [ 28.643190343956125, 44.111628827260375 ], [ 28.641643892187354, 44.102072394327934 ], [ 28.646976382849211, 44.10185048447476 ], [ 28.647901815437059, 44.110022605503289 ], [ 28.667174476330562, 44.109295175255852 ], [ 28.666971897100776, 44.103883344566846 ], [ 28.695361729671536, 44.102787767556862 ], [ 28.694753241026753, 44.091107057536256 ], [ 28.689025380809774, 44.087719552168672 ], [ 28.669074321606583, 44.088511982138257 ], [ 28.64388967941003, 44.084176593885587 ], [ 28.641109162972384, 44.082606750708202 ], [ 28.63837545308284, 44.076616308643793 ], [ 28.638978840971262, 44.069481488967469 ], [ 28.642115637936449, 44.068775172274947 ], [ 28.639598931273419, 44.068221107894871 ], [ 28.639707646349883, 44.065804213739021 ], [ 28.640850895851301, 44.064344532365922 ], [ 28.643660561712402, 44.064850671942978 ], [ 28.64397109475043, 44.063909786012381 ], [ 28.64383745641894, 44.062729030520607 ], [ 28.641817613449597, 44.064214801559494 ], [ 28.640987850307564, 44.0595289495987 ], [ 28.645840339304186, 44.045027926213066 ], [ 28.653092276049371, 44.036814228575807 ], [ 28.653375367089971, 44.033925043685329 ], [ 28.655429519855858, 44.034070432023448 ], [ 28.653823706506167, 44.032561021454747 ], [ 28.655133690376882, 44.029053028653955 ], [ 28.66024546804621, 44.028878097052683 ], [ 28.656572930943081, 44.024809746326184 ], [ 28.659123774530734, 44.021519714234664 ], [ 28.66161315309845, 44.021960102240769 ], [ 28.660207248904253, 44.017770795214624 ], [ 28.664631982270176, 44.007931791025008 ], [ 28.662605821664574, 44.000179220421799 ], [ 28.667553321661611, 43.986680640061351 ], [ 28.656633329957174, 43.978220692611124 ], [ 28.65467480812309, 43.967162862544271 ], [ 28.641652433211195, 43.956605507026097 ], [ 28.639044458028003, 43.950715662333742 ], [ 28.638793569544447, 43.939820683358413 ], [ 28.635008772191185, 43.935596644755933 ], [ 28.635603963355607, 43.93781673174653 ], [ 28.633140767441173, 43.933192322904013 ], [ 28.635828518190664, 43.922967333806469 ], [ 28.630247277357451, 43.913459064714061 ], [ 28.622407859813233, 43.908823785268169 ], [ 28.618942302636562, 43.901604726504729 ], [ 28.613840490997951, 43.89839174615603 ], [ 28.610830448267198, 43.888516304243858 ], [ 28.612581826046082, 43.886865366067845 ], [ 28.607733270691618, 43.883771238077394 ], [ 28.606377661493973, 43.878007972979461 ], [ 28.607307838906632, 43.873035155732161 ], [ 28.610607360673708, 43.872926701514949 ], [ 28.610215214083606, 43.871879230261165 ], [ 28.607333664823063, 43.872293109975402 ], [ 28.605850325142516, 43.869096436180783 ], [ 28.606585434204394, 43.866949902191692 ], [ 28.608686119049196, 43.867303638164564 ], [ 28.606459397305208, 43.866733090597556 ], [ 28.606099297361101, 43.864112161263414 ], [ 28.608748431433927, 43.852926263207365 ], [ 28.609293021902772, 43.854063894840493 ], [ 28.608517680350538, 43.85017733277779 ], [ 28.601240421590703, 43.847474289000651 ], [ 28.602273300101526, 43.844781465448008 ], [ 28.598932783639043, 43.843777784212421 ], [ 28.600579988401144, 43.843337708750667 ], [ 28.595638435340597, 43.841518216889526 ], [ 28.593340627880195, 43.84233912972725 ], [ 28.591382249386676, 43.839618463999606 ], [ 28.591036591482094, 43.831348796248044 ], [ 28.59325267021897, 43.828238725648951 ], [ 28.589514588794156, 43.824913140208182 ], [ 28.590166545112965, 43.822546228929632 ], [ 28.588477751012043, 43.822472607527715 ], [ 28.588941238863196, 43.81938393272987 ], [ 28.590536518880171, 43.819940589574827 ], [ 28.590593664376318, 43.818339905594236 ], [ 28.588971774660404, 43.818659021260856 ], [ 28.587879212107861, 43.815391813244005 ], [ 28.590199976151791, 43.815224514227992 ], [ 28.587346387137465, 43.813933918872571 ], [ 28.587003282411132, 43.810855614758857 ], [ 28.590814963638564, 43.808933283469742 ], [ 28.588743023518571, 43.808357077144947 ], [ 28.589478868036565, 43.805178380105644 ], [ 28.601023990874697, 43.798799383065543 ], [ 28.589637624419669, 43.804627440418642 ], [ 28.589068181554676, 43.803356555192977 ], [ 28.588338207976193, 43.808555875017312 ], [ 28.58658676262931, 43.809637884571622 ], [ 28.581275497362409, 43.806610207027362 ], [ 28.583136672866342, 43.80476864238728 ], [ 28.575579330582848, 43.794851150396411 ], [ 28.586132150668572, 43.792357956448271 ], [ 28.592095014734607, 43.799367762800252 ], [ 28.594013212946621, 43.799084570278474 ], [ 28.587459975066764, 43.792362332387036 ], [ 28.588355967400375, 43.789800735588315 ], [ 28.580796074524009, 43.788777477711477 ], [ 28.580175386559873, 43.780847188592162 ], [ 28.582897405438253, 43.780272316213804 ], [ 28.583206205558206, 43.779027496301886 ], [ 28.581547174524086, 43.77968450898841 ], [ 28.579961743723491, 43.77769119511364 ], [ 28.581071466271279, 43.774771605676996 ], [ 28.574476587931713, 43.75690364564457 ], [ 28.579247755629307, 43.745787788888812 ], [ 28.579031155800916, 43.738718091884316 ] ] } },
{ "type": "Feature", "properties": { "border": "RO.UA" }, "geometry": { "type": "LineString", "coordinates": [ [ 22.895975545985063, 47.954025418333856 ], [ 22.901524951276464, 47.954744251751478 ], [ 22.9007819492012, 47.957710147467346 ], [ 22.903915051846219, 47.955984937194806 ], [ 22.908445855619593, 47.960254401664855 ], [ 22.910545061935625, 47.957135390482307 ], [ 22.912181377390606, 47.957289818045581 ], [ 22.910305925061046, 47.958685635083533 ], [ 22.911236143057305, 47.960607547518066 ], [ 22.913367691292969, 47.960072808863252 ], [ 22.91446810571264, 47.957238626126731 ], [ 22.917116071986637, 47.960480104387855 ], [ 22.916940924977325, 47.957766849152115 ], [ 22.918909082187916, 47.956818559912648 ], [ 22.918931182520819, 47.958738052612766 ], [ 22.921599814492037, 47.958336340112247 ], [ 22.920409995501725, 47.959687595787514 ], [ 22.92355660879932, 47.960704427412779 ], [ 22.925899752085424, 47.959208512716785 ], [ 22.930022891737305, 47.959336010938934 ], [ 22.937005874738059, 47.963783929287921 ], [ 22.942096715413172, 47.964128340265049 ], [ 22.942063218665812, 47.965590517219013 ], [ 22.948067803370694, 47.967291849151373 ], [ 22.942761258421925, 47.972258760350464 ], [ 22.940040804391174, 47.989177085167988 ], [ 22.935859678477332, 47.998656112006167 ], [ 22.92878214868341, 47.999547461542939 ], [ 22.923111868967109, 48.002165361866439 ], [ 22.920122343729954, 48.006869766433439 ], [ 22.921906223372293, 48.01450983780753 ], [ 22.926976758944811, 48.019166693209058 ], [ 22.944256529767657, 48.016568145233244 ], [ 22.945698477710689, 48.014361576454512 ], [ 22.961246545790186, 48.007462456557946 ], [ 22.962927900139455, 48.011601897466804 ], [ 22.977755850219761, 48.009910475804134 ], [ 22.976830434829171, 48.006814809781496 ], [ 22.986303517286878, 48.005487081730507 ], [ 22.986691075959605, 48.003876244111986 ], [ 22.991763341069486, 48.003076053169252 ], [ 22.992449059638595, 48.004559216427694 ], [ 22.996523475366448, 47.999722431990129 ], [ 22.996720510789494, 47.995970231267584 ], [ 23.006114767985011, 47.995640767330215 ], [ 23.011053354425751, 47.99391369921775 ], [ 23.013617414029763, 47.990466333677489 ], [ 23.015192400473271, 47.991825447584823 ], [ 23.017536145788508, 47.990518691104015 ], [ 23.01843390922269, 47.992161188176951 ], [ 23.024283428041418, 47.99172530105222 ], [ 23.030496974998439, 48.000428868312525 ], [ 23.056992988819022, 48.00336959273239 ], [ 23.065629567944271, 48.007786171164696 ], [ 23.0745430564169, 48.008636257623976 ], [ 23.084005262399543, 48.004613936707166 ], [ 23.091030529230306, 48.005367700657708 ], [ 23.091982766912281, 48.010263642208493 ], [ 23.097885572568295, 48.015801352337093 ], [ 23.090349382712464, 48.016482918615047 ], [ 23.089846481141283, 48.019481380951568 ], [ 23.101373618528676, 48.026005123966904 ], [ 23.109171955703392, 48.035329452239885 ], [ 23.10920870380053, 48.038301085610435 ], [ 23.101046507941774, 48.040916918211465 ], [ 23.098089247017977, 48.04420426081699 ], [ 23.112378845716048, 48.054449363618239 ], [ 23.109259237120433, 48.058055439319091 ], [ 23.112372603721695, 48.061824340169622 ], [ 23.106627591574213, 48.063542772402528 ], [ 23.106440772500175, 48.06590443443794 ], [ 23.111523044836161, 48.069621069296474 ], [ 23.113735702326011, 48.069429547875103 ], [ 23.117990965417757, 48.07664927231631 ], [ 23.120712735785759, 48.075949641688943 ], [ 23.123309373471077, 48.077415817518762 ], [ 23.121831130100457, 48.07862992780543 ], [ 23.123581007374067, 48.081793709421355 ], [ 23.113966695402052, 48.086229299642532 ], [ 23.118247152253826, 48.087807034123713 ], [ 23.118518699180807, 48.090123185885453 ], [ 23.127173068476417, 48.092318617071868 ], [ 23.130266313494758, 48.095674331739964 ], [ 23.136315860539476, 48.096267402431927 ], [ 23.139053352070722, 48.094716750627519 ], [ 23.140663089146774, 48.097348075966167 ], [ 23.146358898337215, 48.09976645611922 ], [ 23.150977397994772, 48.112619316116117 ], [ 23.165567628691576, 48.115286705990478 ], [ 23.166593333823783, 48.120023207863184 ], [ 23.171833648483201, 48.117838033078094 ], [ 23.174067699247932, 48.120047444180202 ], [ 23.177073404075369, 48.119759174421375 ], [ 23.181168774797936, 48.11727888285791 ], [ 23.181652617968787, 48.111945519945387 ], [ 23.186311536476136, 48.111639568898717 ], [ 23.188535842989467, 48.108706514637149 ], [ 23.186707472949102, 48.108433781722532 ], [ 23.188011516491624, 48.104331166198946 ], [ 23.185246307866873, 48.10351097707877 ], [ 23.189661721146479, 48.099771330590563 ], [ 23.189172312268568, 48.097742515503022 ], [ 23.235566985667489, 48.091960791607363 ], [ 23.241965943746379, 48.094140019167774 ], [ 23.246403504145054, 48.091915781255416 ], [ 23.251831102921127, 48.100779020269236 ], [ 23.267823525195816, 48.100133522967511 ], [ 23.269502232238001, 48.085153453607624 ], [ 23.281009077467786, 48.081906756748616 ], [ 23.287313665261333, 48.075466971547073 ], [ 23.292184947469359, 48.073121897436614 ], [ 23.290618258372824, 48.070808741722892 ], [ 23.285922463313167, 48.07051505563151 ], [ 23.283102291734892, 48.063781614017486 ], [ 23.276881696122498, 48.06027754107798 ], [ 23.276804073050201, 48.057644729319819 ], [ 23.284161901094947, 48.050422280977422 ], [ 23.287803771705185, 48.049927561533636 ], [ 23.287961680057219, 48.046793271440464 ], [ 23.293914261966506, 48.044390577052312 ], [ 23.300387319674396, 48.044026930106419 ], [ 23.302801366032021, 48.042087935170819 ], [ 23.31443451502027, 48.044675540733849 ], [ 23.322330190682049, 48.040238903372149 ], [ 23.325073748696024, 48.036091005974662 ], [ 23.332553464820606, 48.038404347380194 ], [ 23.337497022897409, 48.03639344587215 ], [ 23.338571895888453, 48.034846119175967 ], [ 23.330834505868367, 48.032568148608057 ], [ 23.328491512300182, 48.026103993637861 ], [ 23.33188721926135, 48.020569187822069 ], [ 23.335283832929388, 48.021036362443908 ], [ 23.338455998033535, 48.018221336149402 ], [ 23.350558503099421, 48.020263885865944 ], [ 23.357291933215972, 48.014315513131955 ], [ 23.362319985855617, 48.01432340203592 ], [ 23.366181873046784, 48.010941229414293 ], [ 23.373363984665087, 48.009845968406687 ], [ 23.376749645860105, 48.006908044698172 ], [ 23.375840511919009, 48.003582391395049 ], [ 23.387568952664147, 48.004398657561723 ], [ 23.394876439632625, 48.000759815821404 ], [ 23.399363377604512, 48.001216206445626 ], [ 23.403424379661633, 47.998971768594721 ], [ 23.401633387648644, 47.995026689312745 ], [ 23.404964095140215, 47.991841379267669 ], [ 23.417414652886624, 47.986649948789079 ], [ 23.423007911509792, 47.988959392709013 ], [ 23.430684022967124, 47.989157607107806 ], [ 23.433567774326779, 47.99051436749081 ], [ 23.436533758054505, 47.98304222151846 ], [ 23.446209060580482, 47.981249611814228 ], [ 23.449715303337271, 47.976217782209581 ], [ 23.461577905847324, 47.973844676859876 ], [ 23.480439153442937, 47.973264172486452 ], [ 23.493607478758271, 47.967829449309619 ], [ 23.501054487414834, 47.968695289004124 ], [ 23.503546524774496, 47.970380231714657 ], [ 23.504888660471707, 47.972020618485473 ], [ 23.502794050401825, 47.974258747224617 ], [ 23.505251653407996, 47.980602340107353 ], [ 23.512318183777012, 47.985568816238327 ], [ 23.51710033000996, 47.99263679126598 ], [ 23.521160706327411, 47.994458711319858 ], [ 23.529064009939201, 48.01982491710524 ], [ 23.534163050760156, 48.017275261484556 ], [ 23.54198730060757, 48.008986797790783 ], [ 23.554872570589616, 48.007874432861854 ], [ 23.566718144848203, 48.002979699915784 ], [ 23.572962402079863, 48.003258594956819 ], [ 23.578121416424509, 48.005435863875014 ], [ 23.58661213466895, 48.003779985588878 ], [ 23.593485062230577, 48.008342441301238 ], [ 23.602531951443826, 48.00623809904247 ], [ 23.611307671407999, 48.008144874828375 ], [ 23.623367028612176, 48.002622525884412 ], [ 23.629215031748959, 48.003874605422027 ], [ 23.63473327221536, 48.002963104901632 ], [ 23.64219429394749, 47.999735293446363 ], [ 23.646365110024227, 47.991232373005793 ], [ 23.65989703551903, 47.987382884562756 ], [ 23.664667327380723, 47.983732455614188 ], [ 23.669644480837643, 47.984216166755445 ], [ 23.672933127191396, 47.986342814199361 ], [ 23.688352779286809, 47.987601669485123 ], [ 23.708458463545828, 47.994401723325097 ], [ 23.711904303653956, 47.99345634261519 ], [ 23.716404197376512, 47.988056306474242 ], [ 23.71951239257827, 47.989548270932048 ], [ 23.718589513256791, 47.99398558020512 ], [ 23.720640833299704, 47.99495747752912 ], [ 23.729074130184888, 47.993474917402814 ], [ 23.752293832740225, 47.996760027115478 ], [ 23.755809515967339, 47.993481837320537 ], [ 23.760542486952961, 47.992846799080461 ], [ 23.77181238210618, 47.994945320913374 ], [ 23.774873189137633, 47.992437214506154 ], [ 23.786174521363836, 47.98931227428411 ], [ 23.78982005681554, 47.986413054855937 ], [ 23.800241143295338, 47.98663715263698 ], [ 23.819625911330576, 47.980474145323967 ], [ 23.821549493589419, 47.978997748574578 ], [ 23.817800170476247, 47.977539786980913 ], [ 23.818287073069662, 47.974958200347338 ], [ 23.833995751924583, 47.967554836038623 ], [ 23.832600870461466, 47.960696855696462 ], [ 23.842703904578904, 47.950498959250041 ], [ 23.843947361959682, 47.941709154613733 ], [ 23.848209306054819, 47.940271923612414 ], [ 23.851288200748517, 47.936754825888727 ], [ 23.864126576181771, 47.931757122899995 ], [ 23.868054147372803, 47.932519507931119 ], [ 23.878829631885367, 47.942235384240668 ], [ 23.88368369113093, 47.944158972251067 ], [ 23.893401458313676, 47.942617951040901 ], [ 23.898583952691229, 47.944967998536832 ], [ 23.912980427884825, 47.947103940657271 ], [ 23.921159427238383, 47.945258814354716 ], [ 23.930175220352396, 47.948777503431991 ], [ 23.938634551752202, 47.947511754572965 ], [ 23.941975211144904, 47.94846577612573 ], [ 23.948321514443506, 47.956645983244265 ], [ 23.949088431991694, 47.962291878194598 ], [ 23.954592326717211, 47.964660006216484 ], [ 23.958915350183396, 47.964893297158817 ], [ 23.967183326901495, 47.962618093034848 ], [ 23.970463192256855, 47.966425519793816 ], [ 23.975938134526523, 47.967895885234071 ], [ 23.979882184421612, 47.965314635683448 ], [ 23.979808124853129, 47.960169866683813 ], [ 23.982679866362623, 47.959381287098573 ], [ 23.99008017215526, 47.963161882656372 ], [ 23.998372571899093, 47.962288694500479 ], [ 24.005358398759324, 47.967092719391722 ], [ 24.009054578147673, 47.967260704052975 ], [ 24.021893835186813, 47.959935188071647 ], [ 24.031849966810974, 47.949277727744537 ], [ 24.050396598346865, 47.953551668653425 ], [ 24.062194148705036, 47.953404571456531 ], [ 24.071088151427613, 47.947020899138806 ], [ 24.098598908999314, 47.936514068116161 ], [ 24.100188280750583, 47.928013962472342 ], [ 24.111389142364871, 47.915048746736332 ], [ 24.130296678413906, 47.915966780498174 ], [ 24.139510317242692, 47.911983370779737 ], [ 24.145055082169769, 47.912947288433507 ], [ 24.150732481212295, 47.916948921120351 ], [ 24.161361025830498, 47.914933468975669 ], [ 24.165084864252002, 47.920270013060161 ], [ 24.181424134255337, 47.914966080862463 ], [ 24.196679897173198, 47.91606772460262 ], [ 24.20232442861812, 47.910767713079366 ], [ 24.208837912941515, 47.908898594129795 ], [ 24.217426776904951, 47.902761312702857 ], [ 24.218542823567134, 47.897573274878191 ], [ 24.228271421448031, 47.896483563685521 ], [ 24.240417246395758, 47.899328039617153 ], [ 24.255530879954176, 47.906721997275987 ], [ 24.26548629006793, 47.907523269736309 ], [ 24.279621864308055, 47.906008267258194 ], [ 24.287359068619644, 47.909726067271265 ], [ 24.297774573705503, 47.911473524360801 ], [ 24.303838992463145, 47.917076709377234 ], [ 24.324898583230095, 47.925900102263753 ], [ 24.334739333124361, 47.917796940997121 ], [ 24.338593693383643, 47.918263338869295 ], [ 24.344943205406484, 47.914748054300084 ], [ 24.381270914947798, 47.926470385389138 ], [ 24.380338188479637, 47.933879544671164 ], [ 24.38314088701139, 47.939964855881527 ], [ 24.392143659931872, 47.948419253893114 ], [ 24.393909745661951, 47.954302345810795 ], [ 24.40118551169051, 47.955845165625561 ], [ 24.40968686491092, 47.960078273477258 ], [ 24.417205268706965, 47.95966107310575 ], [ 24.428937130121817, 47.967722455033488 ], [ 24.435877233693386, 47.970512333714673 ], [ 24.450666752289052, 47.962913198020352 ], [ 24.463966067197752, 47.961695677940121 ], [ 24.471749086456068, 47.96305951152209 ], [ 24.487417308691061, 47.955889930951471 ], [ 24.494446955293043, 47.955455028184055 ], [ 24.502014188555343, 47.952286295208793 ], [ 24.512374844337604, 47.951849738725585 ], [ 24.526999835006507, 47.96154296686089 ], [ 24.531049386977415, 47.960651710323113 ], [ 24.536940944769867, 47.961932343177679 ], [ 24.552383865677118, 47.958645040350113 ], [ 24.556121764936265, 47.961305081934896 ], [ 24.556130816179721, 47.963882518295897 ], [ 24.562868031699299, 47.968595647538628 ], [ 24.575398423851425, 47.967391418010266 ], [ 24.58330202082033, 47.964870406551789 ], [ 24.584102930589442, 47.960735973613616 ], [ 24.595635371132065, 47.954421288218207 ], [ 24.598482719571912, 47.950230050330255 ], [ 24.596925635260614, 47.94635599104187 ], [ 24.601695546229536, 47.94533715208113 ], [ 24.610827340147356, 47.95184718546232 ], [ 24.614728552766479, 47.950897128215921 ], [ 24.623380021717413, 47.951772118988764 ], [ 24.628386452772791, 47.947948370192712 ], [ 24.632344523516295, 47.93978681630189 ], [ 24.629834948216963, 47.934421939889013 ], [ 24.636538839252154, 47.929792612950131 ], [ 24.635040516436874, 47.924574687872671 ], [ 24.651580046772775, 47.919118584019962 ], [ 24.653830425347987, 47.913801851736025 ], [ 24.652592694034201, 47.91066176580938 ], [ 24.660969917447172, 47.908862999972833 ], [ 24.673782378022203, 47.89637989965825 ], [ 24.66728267199716, 47.885707870740688 ], [ 24.668189756288754, 47.88122173180971 ], [ 24.665789348662848, 47.876506778233995 ], [ 24.67230449915678, 47.863117146186468 ], [ 24.681367284909999, 47.860546186666127 ], [ 24.685205190142852, 47.855054964133814 ], [ 24.702919457108369, 47.8524689762354 ], [ 24.705795400898168, 47.840124304807389 ], [ 24.719791183445221, 47.839327525631724 ], [ 24.734406164905351, 47.843855796986603 ], [ 24.739285817517196, 47.841137296887275 ], [ 24.740782056340425, 47.836893494491989 ], [ 24.752970679564655, 47.829738597739052 ], [ 24.758384541461044, 47.837094049116182 ], [ 24.765285173629106, 47.839337006251341 ], [ 24.772256363777519, 47.837284525638395 ], [ 24.778118809524358, 47.837402332677136 ], [ 24.778871509645931, 47.831257566197351 ], [ 24.784123304924151, 47.823437380393642 ], [ 24.794377296946763, 47.82506422849157 ], [ 24.804606161645893, 47.822392593035715 ], [ 24.808395384165362, 47.823196465726099 ], [ 24.827750397414253, 47.820476305925617 ], [ 24.82808525745676, 47.817992601791701 ], [ 24.823902247648206, 47.814089658874011 ], [ 24.821509356042839, 47.80630924889202 ], [ 24.83659474416125, 47.793598135900901 ], [ 24.836320853716721, 47.779682860660607 ], [ 24.851383682505965, 47.774679189225765 ], [ 24.854859083120523, 47.770707754359677 ], [ 24.855284547688687, 47.765783399520551 ], [ 24.878198681060994, 47.752659461597361 ], [ 24.877568498084759, 47.748863184113503 ], [ 24.880594410164189, 47.745973541476033 ], [ 24.881400527013593, 47.738955133825826 ], [ 24.886438035498536, 47.733920266050077 ], [ 24.883150485895118, 47.724371076125678 ], [ 24.901200548555167, 47.724739404841614 ], [ 24.946194693795459, 47.729137457231076 ], [ 24.983432452358155, 47.729487482090903 ], [ 24.989256213827012, 47.728343117539445 ], [ 24.994927973452018, 47.725027515516615 ], [ 25.001174421371644, 47.727534231088846 ], [ 25.006953558411297, 47.734369544904119 ], [ 25.017267441293992, 47.730801112183023 ], [ 25.025364103655253, 47.731343876676661 ], [ 25.029346157727556, 47.727836819326257 ], [ 25.039831113817357, 47.725378287929374 ], [ 25.042552211397496, 47.731425133731499 ], [ 25.053585946724269, 47.743473430254092 ], [ 25.053829214601357, 47.746410542623138 ], [ 25.063008656565525, 47.740536532343178 ], [ 25.065147747318193, 47.74060236164668 ], [ 25.076728189062553, 47.745490659054305 ], [ 25.085096681117101, 47.746115882792978 ], [ 25.088781147712396, 47.748948179865884 ], [ 25.097988293757464, 47.749316488572092 ], [ 25.103164879015257, 47.75291534313012 ], [ 25.115611116748337, 47.754841262359598 ], [ 25.116205651356591, 47.767894617237609 ], [ 25.134097927851606, 47.782318756588992 ], [ 25.141750690203342, 47.78577077431548 ], [ 25.148837972136821, 47.79204693940811 ], [ 25.153275406717363, 47.789195761278748 ], [ 25.166856372164805, 47.791558083843206 ], [ 25.170852000414495, 47.796568593041087 ], [ 25.170181896090721, 47.804980892615809 ], [ 25.166868667664687, 47.808957128596163 ], [ 25.177528439135806, 47.814125197388464 ], [ 25.176855080536171, 47.816002884394905 ], [ 25.179226046003251, 47.816641068117036 ], [ 25.180744551768694, 47.82101613141603 ], [ 25.180179187129937, 47.825928732536106 ], [ 25.196246357038788, 47.833763848770651 ], [ 25.202376926952816, 47.839747106818436 ], [ 25.200365372833652, 47.84602500348921 ], [ 25.201822868270828, 47.850326992506382 ], [ 25.204842776950024, 47.850722127458994 ], [ 25.206732970048897, 47.853770575039597 ], [ 25.221958260471947, 47.858676372958172 ], [ 25.222327511185792, 47.869762981895164 ], [ 25.224851030590322, 47.872899649336368 ], [ 25.221603910709621, 47.880749906244183 ], [ 25.222166651235383, 47.882941517061518 ], [ 25.22454655029502, 47.882631176020645 ], [ 25.230157292140508, 47.893054856276621 ], [ 25.238796083418983, 47.895943546973108 ], [ 25.244872832268392, 47.893186368914201 ], [ 25.251866197303634, 47.895079329104718 ], [ 25.258278826570859, 47.891973086157037 ], [ 25.262449847878965, 47.893811740600086 ], [ 25.269820914827033, 47.892378781146924 ], [ 25.310936645527669, 47.914363009553639 ], [ 25.340135329393082, 47.91408936461773 ], [ 25.346713938459764, 47.916015112682032 ], [ 25.501366637363137, 47.932819214778064 ], [ 25.535133316555907, 47.935929808355098 ], [ 25.592323617529505, 47.938447750804649 ], [ 25.62554274900382, 47.94879521966007 ], [ 25.656522721545365, 47.949421636751524 ], [ 25.685386140009811, 47.943905118756653 ], [ 25.687530786489539, 47.946294760593688 ], [ 25.691335040398442, 47.944044397412796 ], [ 25.697982041124224, 47.945446661269564 ], [ 25.705898968326352, 47.943573873341386 ], [ 25.709017823399577, 47.941280040053428 ], [ 25.716847066642199, 47.940847534299643 ], [ 25.720607559926869, 47.944390850288741 ], [ 25.733343124807753, 47.945678147035956 ], [ 25.739462641583781, 47.941578471503277 ], [ 25.774645440207269, 47.93938952483402 ], [ 25.818684820582014, 47.954089275002019 ], [ 25.825955083622972, 47.963895242369922 ], [ 25.849945723613402, 47.968943069757742 ], [ 25.861279117156965, 47.970215469822911 ], [ 25.880036380567397, 47.963077791187935 ], [ 25.891881820285377, 47.961218173432769 ], [ 25.907879880544261, 47.964906266982162 ], [ 25.914672394481929, 47.97739484670673 ], [ 25.940454759294589, 47.975845904579472 ], [ 25.951983993898921, 47.970856390438115 ], [ 26.06113720543636, 47.988019716469452 ], [ 26.100978132997081, 47.978256107175859 ], [ 26.117101459050325, 47.981821852436241 ], [ 26.126561722898664, 47.987811360128667 ], [ 26.137406028024763, 47.984177310471274 ], [ 26.188058800864887, 47.995484518743666 ], [ 26.199195948358277, 48.008023837276916 ], [ 26.207966050084519, 48.028900883752691 ], [ 26.212111312370936, 48.050785704542449 ], [ 26.231913678510661, 48.061387490152669 ], [ 26.266869457120762, 48.076510914013241 ], [ 26.275428442590979, 48.086155854396559 ], [ 26.277831875552046, 48.095228020980699 ], [ 26.282418854006824, 48.100764437983791 ], [ 26.284845910019992, 48.113264213112309 ], [ 26.298005594773009, 48.133690335725561 ], [ 26.310893955043269, 48.144810133897423 ], [ 26.327974298087145, 48.15301104466328 ], [ 26.334239792520471, 48.159406779398857 ], [ 26.333726406177519, 48.166799229323729 ], [ 26.327856028785487, 48.176220107908044 ], [ 26.32915501624251, 48.180019573604014 ], [ 26.333016069961406, 48.182276138085449 ], [ 26.332693820058502, 48.18582593992965 ], [ 26.338370616461265, 48.183026064962469 ], [ 26.348093779428677, 48.18299190723809 ], [ 26.350569605846811, 48.186007217882256 ], [ 26.347303223520527, 48.189982759192723 ], [ 26.350972267021476, 48.191645962197875 ], [ 26.354096049775652, 48.190101079776632 ], [ 26.356439007129822, 48.185370119502295 ], [ 26.360482352414007, 48.18517458920256 ], [ 26.369946451530435, 48.191504126537559 ], [ 26.372137708185456, 48.196881541716429 ], [ 26.377082408767475, 48.198870241576266 ], [ 26.38603227987938, 48.194676925987082 ], [ 26.385010047002073, 48.192697077190225 ], [ 26.37904585624452, 48.191176592151706 ], [ 26.379160362185768, 48.188781559228133 ], [ 26.386843506729523, 48.186964393950475 ], [ 26.393706832853134, 48.189647551628305 ], [ 26.398631077532468, 48.188648448675842 ], [ 26.405145304468455, 48.190096224401607 ], [ 26.415807457824094, 48.196268913039738 ], [ 26.420876916633656, 48.201654720125347 ], [ 26.431967465427526, 48.196697025055009 ], [ 26.433532939738814, 48.193082320963875 ], [ 26.435893925475575, 48.193226563870162 ], [ 26.439882347272381, 48.19618644689546 ], [ 26.437826428859037, 48.198845002639878 ], [ 26.432179832750943, 48.2000400316644 ], [ 26.435326305281972, 48.20198137744665 ], [ 26.435233298763549, 48.204546981155538 ], [ 26.447028914743125, 48.203840761374167 ], [ 26.458310680671975, 48.206787530830319 ], [ 26.460653186694312, 48.209658836424957 ], [ 26.456917959637501, 48.213955443736303 ], [ 26.468121725113782, 48.21641292663945 ], [ 26.471512764209958, 48.220227347517714 ], [ 26.480758090223215, 48.215137091028097 ], [ 26.494491748519078, 48.218369746504173 ], [ 26.504767040748831, 48.216178528182205 ], [ 26.514193110051824, 48.211099181611303 ], [ 26.524590498221297, 48.213658299391142 ], [ 26.528822905792417, 48.209759486992432 ], [ 26.539436738092228, 48.214607442505496 ], [ 26.545635910482936, 48.214752597693327 ], [ 26.549937184563341, 48.216536947160769 ], [ 26.550764536256949, 48.218909704627904 ], [ 26.547720228135166, 48.222847097424385 ], [ 26.549714812666881, 48.225100267064704 ], [ 26.553715081442355, 48.225129500547844 ], [ 26.559519781365829, 48.222016822541768 ], [ 26.571993442849507, 48.219306709220909 ], [ 26.573048582153884, 48.223846118241049 ], [ 26.568676107058582, 48.231170818930572 ], [ 26.571722955470367, 48.239064170219038 ], [ 26.577497089687558, 48.24367590836092 ], [ 26.581538664141711, 48.243473868857322 ], [ 26.587726189554612, 48.246748633797459 ], [ 26.598171036663704, 48.238439025378902 ], [ 26.615325536239933, 48.240821189892486 ], [ 26.620396500413911, 48.239190682339618 ], [ 26.621004593249499, 48.241137458449565 ], [ 26.614696855791021, 48.250573889954985 ], [ 26.61898264340363, 48.251915708246187 ], [ 26.625472817206596, 48.24737731145968 ], [ 26.629138208730787, 48.247478236743625 ], [ 26.630379707579323, 48.259909081621778 ] ] } },
{ "type": "Feature", "properties": { "border": "RO.HU" }, "geometry": { "type": "LineString", "coordinates": [ [ 20.264275049735193, 46.126333073886435 ], [ 20.27022490325049, 46.127187995222108 ], [ 20.271726580413464, 46.132786269215821 ], [ 20.275507907121057, 46.133566733392662 ], [ 20.283133113589383, 46.141806552503681 ], [ 20.296850380855226, 46.152222666109154 ], [ 20.299148143335564, 46.151906587829068 ], [ 20.309207564516235, 46.156453150796331 ], [ 20.312643309164891, 46.150155358462584 ], [ 20.355633473330297, 46.169659578018923 ], [ 20.368472300919837, 46.152912937558817 ], [ 20.377597092309173, 46.157755051066637 ], [ 20.381137400339927, 46.157902064485604 ], [ 20.394286653918016, 46.152594607647828 ], [ 20.397505371120786, 46.157373808534516 ], [ 20.409411074456845, 46.151134425279437 ], [ 20.426322646138516, 46.145189177086721 ], [ 20.445493346569432, 46.141794383929863 ], [ 20.459212443154069, 46.142873206004744 ], [ 20.49510838705098, 46.170855072604539 ], [ 20.493205117282969, 46.173734751435468 ], [ 20.496339331690265, 46.177969659206404 ], [ 20.49178675999973, 46.18074330088276 ], [ 20.49789918743916, 46.184321585128501 ], [ 20.495390182061424, 46.185902042580516 ], [ 20.496677961275484, 46.188643311143387 ], [ 20.500098049117227, 46.188358474967735 ], [ 20.501251072824029, 46.189970053120824 ], [ 20.523579317243637, 46.181261373718357 ], [ 20.540907580668009, 46.179700360853332 ], [ 20.549411993918355, 46.17691203682535 ], [ 20.550561069185509, 46.173857644844176 ], [ 20.562977306377071, 46.169117084904947 ], [ 20.593925411087906, 46.150785324122246 ], [ 20.611243844670316, 46.144414814841717 ], [ 20.634568947788679, 46.127040253051561 ], [ 20.639796194829721, 46.126979310888146 ], [ 20.649388732224924, 46.135307357692938 ], [ 20.650372418844285, 46.144667217847761 ], [ 20.654153797184534, 46.148780246401024 ], [ 20.665960915291084, 46.151147699993345 ], [ 20.680087844187543, 46.145142167674969 ], [ 20.685608228696957, 46.145223913729914 ], [ 20.692699216112171, 46.151574757047349 ], [ 20.695096394509587, 46.158667855818422 ], [ 20.705304244880114, 46.161345345862401 ], [ 20.709117366231634, 46.164877696572667 ], [ 20.713943483689388, 46.16593055459763 ], [ 20.722347557013414, 46.18746794563269 ], [ 20.724846093337248, 46.187236453295334 ], [ 20.731377917040728, 46.190481837598298 ], [ 20.734117228056114, 46.193776354625513 ], [ 20.725666920316108, 46.196481427912268 ], [ 20.72849077768042, 46.205021312060126 ], [ 20.727355643083321, 46.207411056828057 ], [ 20.761844138829787, 46.204442069082461 ], [ 20.748829906025488, 46.250620859182291 ], [ 20.775579724294662, 46.275907823704991 ], [ 20.78922257981586, 46.273080889882941 ], [ 20.873394447394144, 46.287416598237606 ], [ 20.890539410479267, 46.271374043788896 ], [ 20.922212895299491, 46.261761115553711 ], [ 20.925060061631093, 46.276196471144523 ], [ 20.946666516499011, 46.279161797601198 ], [ 20.952488023818223, 46.264839542183715 ], [ 20.961143064672509, 46.262256173246591 ], [ 20.990343634157412, 46.259529651742511 ], [ 21.015846163749021, 46.263229891854571 ], [ 21.024951582651994, 46.266492214043147 ], [ 21.036662197494309, 46.247881655389975 ], [ 21.066000105309769, 46.242754683229393 ], [ 21.071153811965587, 46.25386178672035 ], [ 21.079824167322148, 46.252033487797135 ], [ 21.082597692402278, 46.256397711663439 ], [ 21.084804483528703, 46.254633437658967 ], [ 21.086586395512452, 46.255107497671055 ], [ 21.087013675851448, 46.259178764680257 ], [ 21.090868795688159, 46.258188093465776 ], [ 21.094425895713407, 46.262367876298818 ], [ 21.100311238960209, 46.263952857166259 ], [ 21.103152068263451, 46.262588644791819 ], [ 21.115527460070208, 46.301630105842385 ], [ 21.122572534485716, 46.300888756528579 ], [ 21.145364048573324, 46.304691691697776 ], [ 21.147597664062953, 46.299243172263566 ], [ 21.151536048283493, 46.297550279602078 ], [ 21.168125071135165, 46.297915432390568 ], [ 21.174424483585025, 46.300277302232097 ], [ 21.175694176772893, 46.302925933741271 ], [ 21.180539402483628, 46.304108243682627 ], [ 21.173122057935409, 46.318393606653693 ], [ 21.177512648661448, 46.323448038889552 ], [ 21.17583629368837, 46.329571812675084 ], [ 21.178705383191122, 46.330479539548783 ], [ 21.176153709180554, 46.335560075237368 ], [ 21.190369870083416, 46.339123064474727 ], [ 21.199455237877022, 46.347905163002906 ], [ 21.196480942128172, 46.370834641960997 ], [ 21.206285883945487, 46.403229616240367 ], [ 21.216316053700609, 46.401829325786728 ], [ 21.219104629090086, 46.411088401823683 ], [ 21.225346472059947, 46.413525830374304 ], [ 21.239626616253172, 46.410333928718032 ], [ 21.248394225399313, 46.410439834527125 ], [ 21.275390378859733, 46.406683923768576 ], [ 21.28324492999328, 46.403173008510429 ], [ 21.296273035811048, 46.406691861113686 ], [ 21.289529741079594, 46.413507731511324 ], [ 21.28975703499151, 46.415143195020185 ], [ 21.293489344063985, 46.417485438715708 ], [ 21.296979714301568, 46.424302124239993 ], [ 21.311605941101377, 46.440046672202179 ], [ 21.313252215475721, 46.449458548535311 ], [ 21.317445205688934, 46.450653971163838 ], [ 21.296316996968162, 46.476113855591223 ], [ 21.284118358933021, 46.477250338156253 ], [ 21.274326938902473, 46.476475945433336 ], [ 21.272751555798958, 46.483362739006111 ], [ 21.260383374462499, 46.501944956130181 ], [ 21.276131023816653, 46.534993391718572 ], [ 21.274164479419611, 46.540739153223825 ], [ 21.280377905110896, 46.544951610438474 ], [ 21.289674376129469, 46.544321679829324 ], [ 21.293612786812432, 46.552229948984952 ], [ 21.297513948415826, 46.553414148872584 ], [ 21.305008147880542, 46.560556339591187 ], [ 21.303450797949289, 46.564253519623207 ], [ 21.320713513885568, 46.582788418755996 ], [ 21.316083130318304, 46.585581663391594 ], [ 21.314062054776851, 46.584069928355518 ], [ 21.308434034339601, 46.587473764465372 ], [ 21.307046045111917, 46.586386583793924 ], [ 21.301156052696548, 46.590770911367045 ], [ 21.306872833173429, 46.598926671118889 ], [ 21.314103732045371, 46.617555861561335 ], [ 21.329874294808945, 46.631567348928293 ], [ 21.334804431674378, 46.629021393565488 ], [ 21.347761195730971, 46.6313809174504 ], [ 21.353128649587958, 46.630265239291255 ], [ 21.365596627702235, 46.637873167530572 ], [ 21.378400897639327, 46.633192161413241 ], [ 21.381560184419644, 46.628265953538197 ], [ 21.410023730939457, 46.621903334668588 ], [ 21.416413551934557, 46.64250934571227 ], [ 21.421669610231895, 46.646455771108748 ], [ 21.432484912215873, 46.64810538876992 ], [ 21.441474313354817, 46.651443898866695 ], [ 21.454705718376502, 46.660825021909616 ], [ 21.455638972807847, 46.667142181244657 ], [ 21.442341930893402, 46.666567280804678 ], [ 21.430775448578231, 46.678329169586199 ], [ 21.43164148668917, 46.682057709709852 ], [ 21.427656353257788, 46.689128382490772 ], [ 21.430000928101212, 46.693831633873486 ], [ 21.434416957922856, 46.695643276241618 ], [ 21.451143670884573, 46.688528808931046 ], [ 21.47299470343491, 46.695661468698226 ], [ 21.478661555242887, 46.692414228893497 ], [ 21.484158777137118, 46.69138206296789 ], [ 21.489689130345557, 46.6859872817382 ], [ 21.492148754535588, 46.685993028339773 ], [ 21.495496321256709, 46.687729038519805 ], [ 21.500218680454037, 46.695514939600052 ], [ 21.507590241269753, 46.698074103732417 ], [ 21.507295086116674, 46.700359019000032 ], [ 21.509301676594013, 46.701255845102793 ], [ 21.507726112967248, 46.704866869774435 ], [ 21.512443698800038, 46.70782251400199 ], [ 21.511118825347666, 46.711699266477581 ], [ 21.520240074365457, 46.714118572026756 ], [ 21.529332001739792, 46.720766958943997 ], [ 21.530368014259377, 46.727321509240298 ], [ 21.526677846194723, 46.739194928943476 ], [ 21.511735883728957, 46.745117591037861 ], [ 21.493176491705906, 46.757477670943139 ], [ 21.484775251979542, 46.758449729320446 ], [ 21.48321193184594, 46.764700569833792 ], [ 21.490247118447815, 46.7758029429366 ], [ 21.493511199154241, 46.774952395796099 ], [ 21.509363642383672, 46.78338143314388 ], [ 21.51492284667971, 46.793477796590103 ], [ 21.513764135624115, 46.795511438660093 ], [ 21.518698313347663, 46.800018623115321 ], [ 21.522567905749259, 46.813858151232282 ], [ 21.52112578475732, 46.819836747898769 ], [ 21.519053948821991, 46.820921407160363 ], [ 21.520064460655934, 46.837340040457242 ], [ 21.525417169777548, 46.8394511569605 ], [ 21.534512714092497, 46.839571139243873 ], [ 21.537930283377435, 46.84741526713352 ], [ 21.548092988191758, 46.848801342563398 ], [ 21.557047615054884, 46.853712133292412 ], [ 21.56905655628454, 46.853959340599367 ], [ 21.570096580862732, 46.855452021519717 ], [ 21.580936307590566, 46.857468448932153 ], [ 21.584409453091681, 46.859849543055326 ], [ 21.595213944247362, 46.860510972435435 ], [ 21.597709329312831, 46.864663485417573 ], [ 21.601986728228059, 46.86663646975412 ], [ 21.60329246058966, 46.868839566044016 ], [ 21.601089880002732, 46.878896156739977 ], [ 21.603490168090879, 46.884808570043482 ], [ 21.614203651753321, 46.886513075629637 ], [ 21.607251488989604, 46.904553062732781 ], [ 21.602819451632005, 46.904215727196878 ], [ 21.600479579731335, 46.909261148895418 ], [ 21.599052354328819, 46.90918303558972 ], [ 21.599424305308062, 46.916072490753969 ], [ 21.597272768868184, 46.918469020902407 ], [ 21.59998256794092, 46.928627596182913 ], [ 21.606185440912665, 46.932497646239696 ], [ 21.638353872118767, 46.932925572424111 ], [ 21.640752592260906, 46.93888678962599 ], [ 21.649153877774086, 46.942965833934316 ], [ 21.651224366341236, 46.947673683702078 ], [ 21.65590566816719, 46.949929095287395 ], [ 21.657973723410496, 46.956137511362037 ], [ 21.673139392605844, 46.953702098465129 ], [ 21.675740585321872, 46.95904218312721 ], [ 21.680331519272674, 46.962785725592475 ], [ 21.681864018133965, 46.966910677798808 ], [ 21.676447265441166, 46.969240268134349 ], [ 21.667917598587618, 46.970198924132916 ], [ 21.670367080781983, 46.98012178690265 ], [ 21.677618909990613, 46.988563686742559 ], [ 21.676024786464623, 46.992551534335483 ], [ 21.679348134154775, 46.997972958961924 ], [ 21.687429522078901, 46.999340339294008 ], [ 21.688960265680574, 47.001834075525522 ], [ 21.681518573783936, 47.005922897819545 ], [ 21.677917961191241, 47.018382947804824 ], [ 21.661021290123294, 47.020895857278937 ], [ 21.64996622923816, 47.033827567187288 ], [ 21.648665485912925, 47.040337286639378 ], [ 21.657012852299996, 47.040689908354999 ], [ 21.667906937777573, 47.044130463381471 ], [ 21.682760137809645, 47.045716200015129 ], [ 21.683491065475117, 47.051096079795336 ], [ 21.689755875170029, 47.053537286595429 ], [ 21.68859253254054, 47.055535686325733 ], [ 21.697491187029186, 47.057982676278641 ], [ 21.695859381057893, 47.060483265844759 ], [ 21.704828316733828, 47.063361542158162 ], [ 21.701402281132189, 47.068219629456095 ], [ 21.706329603540301, 47.069950187202039 ], [ 21.705371407861719, 47.071504057847889 ], [ 21.716394467682544, 47.074872203900732 ], [ 21.712734896717869, 47.08252247559647 ], [ 21.726131416166918, 47.098470993396795 ], [ 21.751765589933513, 47.105594486999671 ], [ 21.770854696061903, 47.108845598044525 ], [ 21.792601298404367, 47.106585929241263 ], [ 21.791243168277912, 47.10935998786821 ], [ 21.792802677974873, 47.1112855911813 ], [ 21.789167783409155, 47.112918314674644 ], [ 21.792072383084118, 47.115582965946111 ], [ 21.78918786729075, 47.11660206775263 ], [ 21.792179294764708, 47.119783463760271 ], [ 21.791413209177456, 47.124007224560813 ], [ 21.795728583670655, 47.127690292625957 ], [ 21.798658886730742, 47.12799802761473 ], [ 21.800381966924661, 47.130616397250698 ], [ 21.80289419681031, 47.136362538742233 ], [ 21.80043535328717, 47.137168418101602 ], [ 21.808761056133669, 47.157941449433508 ], [ 21.817367292154863, 47.172747363963275 ], [ 21.829367759757037, 47.174867441379803 ], [ 21.830941136360654, 47.178854465137441 ], [ 21.83873992641017, 47.177224594417517 ], [ 21.847691816911116, 47.184541410724897 ], [ 21.858051046963077, 47.187026285446002 ], [ 21.85989116679751, 47.203582200063941 ], [ 21.858058577271002, 47.220114585214183 ], [ 21.848575879874822, 47.221909806522042 ], [ 21.846811711754498, 47.223759315385969 ], [ 21.851628206226799, 47.239130555090036 ], [ 21.857715894625485, 47.243639780627497 ], [ 21.86914440421122, 47.261132175045375 ], [ 21.871968217541465, 47.263448327132053 ], [ 21.880044510956289, 47.264812589978057 ], [ 21.887844796483979, 47.272101475915953 ], [ 21.886351830032879, 47.275217028700311 ], [ 21.888186735262551, 47.277875378378276 ], [ 21.880051072920484, 47.282634470641518 ], [ 21.878760048481297, 47.28735721373274 ], [ 21.886115088174879, 47.289732689256383 ], [ 21.884821414481703, 47.291190636290331 ], [ 21.889247393680783, 47.296617125535171 ], [ 21.896112914498165, 47.316287270210097 ], [ 21.905203024181947, 47.322947843824856 ], [ 21.907972517484588, 47.328809409886304 ], [ 21.914018678206659, 47.332753872604762 ], [ 21.921639743968079, 47.341492432796571 ], [ 21.925455583517049, 47.353541426325293 ], [ 21.934845854619311, 47.360282197096858 ], [ 21.939774959762005, 47.367674409188801 ], [ 21.938508536189318, 47.372955658573744 ], [ 21.945288733542622, 47.375156350353883 ], [ 21.952964450667849, 47.374604930527667 ], [ 21.961522443309772, 47.381235733572133 ], [ 21.974882992703936, 47.380082492565883 ], [ 21.975166516589276, 47.378269124901692 ], [ 21.977189863971674, 47.378108038531785 ], [ 21.986773419143724, 47.381488518024113 ], [ 21.990495103747453, 47.38141040769932 ], [ 21.994878894122166, 47.380875091475126 ], [ 21.998826520209576, 47.377134976132325 ], [ 22.011974514704146, 47.375800135277657 ], [ 22.02267413257011, 47.390158360219971 ], [ 22.035477396333405, 47.413429283019084 ], [ 22.029712015849938, 47.422679153040889 ], [ 22.033955397926807, 47.424179145947015 ], [ 22.031962418156702, 47.426230450457531 ], [ 22.035401413725598, 47.427440715803385 ], [ 22.025899096239552, 47.442385959726629 ], [ 22.032722591674588, 47.450991463320996 ], [ 22.020952886818058, 47.454606074724452 ], [ 22.013958591755564, 47.465546926726446 ], [ 22.012781795605139, 47.470665192054852 ], [ 22.007429177671899, 47.475872107083113 ], [ 22.007084147787964, 47.483343078472444 ], [ 22.01083976287099, 47.490759336555335 ], [ 22.012614008714294, 47.501358735668994 ], [ 22.024058614327558, 47.519870191841306 ], [ 22.035901372528038, 47.529139782131757 ], [ 22.04542288233112, 47.539765714952942 ], [ 22.061502455462247, 47.528988085418824 ], [ 22.071366978585207, 47.538030904818811 ], [ 22.054682439622731, 47.546970721504707 ], [ 22.055286533134712, 47.548484855674296 ], [ 22.062927637421563, 47.553803866048391 ], [ 22.072415455447679, 47.557601177917086 ], [ 22.074316966338937, 47.560832006914481 ], [ 22.079191953948349, 47.562354647718223 ], [ 22.086702623548753, 47.561134708690567 ], [ 22.090671908696837, 47.55743868935096 ], [ 22.093622692843137, 47.558134215730057 ], [ 22.100804627966053, 47.564575810121418 ], [ 22.105057315247304, 47.57277891648468 ], [ 22.114272103928492, 47.575206325827118 ], [ 22.125065160021453, 47.587509296371444 ], [ 22.129103578058555, 47.5893060813505 ], [ 22.128140027783012, 47.59809039407272 ], [ 22.139366838546344, 47.598085230992922 ], [ 22.145773020341203, 47.594781346181158 ], [ 22.160036595891182, 47.592390241857608 ], [ 22.170998934631378, 47.591704317010191 ], [ 22.176549418483241, 47.594389349036256 ], [ 22.182967439169136, 47.606383001293636 ], [ 22.189878519028198, 47.611858107321133 ], [ 22.194503647363913, 47.630619737620918 ], [ 22.199079515945797, 47.636250655770915 ], [ 22.203324140127453, 47.654881034675874 ], [ 22.211582670151547, 47.653918356041991 ], [ 22.222139032977356, 47.662143462597093 ], [ 22.220103050656732, 47.66373558375885 ], [ 22.223152673739829, 47.668373967677034 ], [ 22.222366873494856, 47.673012883565825 ], [ 22.225124766632753, 47.680700597773026 ], [ 22.222756746181588, 47.682596059482783 ], [ 22.225927046935972, 47.688005679961904 ], [ 22.230978355541023, 47.693308316519555 ], [ 22.241607303332771, 47.695213839944778 ], [ 22.253948014021596, 47.695094637203951 ], [ 22.256203593798297, 47.69808789345273 ], [ 22.25897367056622, 47.698372862430475 ], [ 22.262250186699816, 47.713713114587186 ], [ 22.262235761060172, 47.716723191350553 ], [ 22.259294583790037, 47.717376121721507 ], [ 22.264537221390601, 47.731157644914362 ], [ 22.285364528714975, 47.729355049706392 ], [ 22.298867932954739, 47.737160161831632 ], [ 22.303240042505113, 47.737105514477655 ], [ 22.306071975208354, 47.741363271255167 ], [ 22.3174496579276, 47.743265323892594 ], [ 22.320866856174213, 47.754964527225894 ], [ 22.317243857314974, 47.76592759702455 ], [ 22.324191307949889, 47.766789983660736 ], [ 22.330370995130302, 47.765119410031382 ], [ 22.345373611351132, 47.754995058958663 ], [ 22.346282836928811, 47.752910054995731 ], [ 22.357021482474099, 47.74897776807817 ], [ 22.386654983859682, 47.745266573763551 ], [ 22.396352679125268, 47.747736061458063 ], [ 22.410375629381832, 47.746687136137147 ], [ 22.411499004456608, 47.742390927494505 ], [ 22.430115244703483, 47.740971769007139 ], [ 22.429861069321976, 47.74524983111958 ], [ 22.427129140575715, 47.746936356977706 ], [ 22.427985117352652, 47.749601438402422 ], [ 22.425806988688436, 47.75009136050901 ], [ 22.42702718511676, 47.754530672989937 ], [ 22.432553011965467, 47.762019427347262 ], [ 22.440980583678417, 47.791859602642212 ], [ 22.447947489690982, 47.803120703620046 ], [ 22.46703148694899, 47.8051191474609 ], [ 22.481519265318681, 47.810950524705525 ], [ 22.488488893436063, 47.805900590681937 ], [ 22.539922338577306, 47.782011774168964 ], [ 22.549526122701138, 47.772665165266282 ], [ 22.611549385627708, 47.771995701690912 ], [ 22.615504843890982, 47.777273935052683 ], [ 22.627001251944701, 47.776099474888134 ], [ 22.636799942751725, 47.780729556461893 ], [ 22.646661739918866, 47.779056549346308 ], [ 22.660075118661545, 47.78187224463575 ], [ 22.666127057637937, 47.786923972017092 ], [ 22.670701428491068, 47.788223622654499 ], [ 22.680229182116829, 47.78774702702767 ], [ 22.684988367988584, 47.791596520404447 ], [ 22.695228300642945, 47.808436342270113 ], [ 22.701419569595874, 47.81500109413065 ], [ 22.699667973145953, 47.818364934062778 ], [ 22.703835636352824, 47.820420570013418 ], [ 22.705705272547412, 47.823565187462371 ], [ 22.709357906368258, 47.823918590597401 ], [ 22.711415717950732, 47.834877652562781 ], [ 22.722375777856154, 47.838363237426947 ], [ 22.738735751353897, 47.834822451480655 ], [ 22.755966051415228, 47.834797153188276 ], [ 22.766117254135832, 47.841930020837324 ], [ 22.776944265057011, 47.842692251622459 ], [ 22.777502087921796, 47.852108300353244 ], [ 22.774518488002212, 47.856116551330956 ], [ 22.774887994621242, 47.858802625684433 ], [ 22.772686684041325, 47.85951782017127 ], [ 22.773010778265284, 47.863096570911786 ], [ 22.764781410773701, 47.86461538856657 ], [ 22.762065535116591, 47.867049388381325 ], [ 22.768473895390358, 47.878602685227996 ], [ 22.758244384828675, 47.886022867948029 ], [ 22.759670665887679, 47.887332989016095 ], [ 22.756912476170296, 47.890363444848994 ], [ 22.758208710922066, 47.893462534984998 ], [ 22.760383678688473, 47.894826373314203 ], [ 22.763374987496626, 47.892731029443233 ], [ 22.766108934781926, 47.894838480310213 ], [ 22.769175370306833, 47.892808095688295 ], [ 22.783248530067667, 47.893814058142766 ], [ 22.79300815306388, 47.890966111881653 ], [ 22.805979512709307, 47.898225630444131 ], [ 22.814406771416298, 47.900453072133509 ], [ 22.825611070168947, 47.907685571522961 ], [ 22.832516310642678, 47.909313108148019 ], [ 22.840372018070003, 47.907706192518923 ], [ 22.846994250627642, 47.908089628449233 ], [ 22.856969234185907, 47.916650533204901 ], [ 22.857882520436686, 47.920163717962929 ], [ 22.866362843860092, 47.924919615532218 ], [ 22.866510496913939, 47.928976730645573 ], [ 22.872550692082733, 47.932366908843306 ], [ 22.872749517626904, 47.936347921710933 ], [ 22.879843967507394, 47.943485833328978 ], [ 22.885001451054936, 47.944713234565057 ], [ 22.886690500830223, 47.951484443775144 ], [ 22.890957137221687, 47.953303787936981 ], [ 22.894720142750078, 47.951879875192851 ], [ 22.895975545985063, 47.954025418333856 ] ] } },
{ "type": "Feature", "properties": { "border": "RO.MD" }, "geometry": { "type": "LineString", "coordinates": [ [ 26.630379707579323, 48.259909081621778 ], [ 26.633979919308402, 48.26199886285913 ], [ 26.637766146367227, 48.261333248918078 ], [ 26.6436884868716, 48.256709084061725 ], [ 26.645690095844785, 48.252446466641665 ], [ 26.653522511524166, 48.254705572476958 ], [ 26.658280394657559, 48.263140324425905 ], [ 26.662992871509012, 48.263665029974398 ], [ 26.666825550391803, 48.260096820668046 ], [ 26.662804366160476, 48.252993970778114 ], [ 26.663056170409234, 48.249785600250945 ], [ 26.667844160369231, 48.246729755007102 ], [ 26.683985328310879, 48.249584422634733 ], [ 26.687001730699386, 48.252768718767641 ], [ 26.691977414859448, 48.254411974654069 ], [ 26.696326469958191, 48.263701984105104 ], [ 26.701947139781591, 48.265239870700391 ], [ 26.704510761665468, 48.263433708540198 ], [ 26.708439654067195, 48.252963770831144 ], [ 26.721236151517346, 48.246353844348782 ], [ 26.726731873352207, 48.245739940023348 ], [ 26.730402739084408, 48.247581851826446 ], [ 26.731733381438758, 48.250875010681938 ], [ 26.726337579995327, 48.256788450780782 ], [ 26.730694696668607, 48.258312839228267 ], [ 26.742654364462751, 48.254088957992572 ], [ 26.733602054802265, 48.246383364937095 ], [ 26.735055011201723, 48.245151515707235 ], [ 26.740533314077645, 48.245125918506893 ], [ 26.753322208195147, 48.248295969901648 ], [ 26.758617960137055, 48.247146212778169 ], [ 26.766174239182689, 48.248270610233646 ], [ 26.781617300342031, 48.243149087696068 ], [ 26.785314859243623, 48.24428632836468 ], [ 26.786401724109947, 48.249980957494891 ], [ 26.797065284418363, 48.249784685749198 ], [ 26.808139563759184, 48.254453689520055 ], [ 26.816080999191822, 48.248680012867098 ], [ 26.816054176557607, 48.246202123023593 ], [ 26.826576888621769, 48.244251535284256 ], [ 26.829070277903121, 48.230275624539345 ], [ 26.831602736240082, 48.226686006981893 ], [ 26.833875010393008, 48.22603048756509 ], [ 26.84107198823822, 48.227955200066965 ], [ 26.848183388366245, 48.233703423974987 ], [ 26.851752398779865, 48.234111684136614 ], [ 26.856413158846397, 48.230277099174138 ], [ 26.860748630841723, 48.218131053656904 ], [ 26.87368962726427, 48.210915402581634 ], [ 26.884232107252068, 48.202422233368239 ], [ 26.888417466376254, 48.20087148900766 ], [ 26.908772649012032, 48.201428281714051 ], [ 26.908775401634422, 48.199197522071422 ], [ 26.903331769372802, 48.194721194635591 ], [ 26.893951425865485, 48.193712213325156 ], [ 26.892443235058678, 48.191783009488645 ], [ 26.894039987569936, 48.187799003085438 ], [ 26.903472379608775, 48.180774943878227 ], [ 26.908883276053448, 48.179848150254998 ], [ 26.920891766167038, 48.182204481345856 ], [ 26.913180900539711, 48.197016950626121 ], [ 26.914955035224757, 48.199004762230935 ], [ 26.931118743097866, 48.199798811528481 ], [ 26.940030328651584, 48.197602627257815 ], [ 26.944854044702197, 48.194530624799292 ], [ 26.949309509242934, 48.189122376423931 ], [ 26.949733504061349, 48.184488415642683 ], [ 26.9457274015327, 48.179377278479393 ], [ 26.932712338457446, 48.170661306226833 ], [ 26.932449474090898, 48.167439982859456 ], [ 26.935253807382431, 48.164009719034375 ], [ 26.946047101798438, 48.160283683228542 ], [ 26.961102285030289, 48.161726557744096 ], [ 26.974948753779508, 48.160895619538152 ], [ 26.98555112176297, 48.156899842139339 ], [ 26.99172224144791, 48.149767690431823 ], [ 26.988277441905939, 48.145824955852987 ], [ 26.980066416859501, 48.14372112885129 ], [ 26.96787351678757, 48.147262060501376 ], [ 26.958475562693906, 48.152340281523934 ], [ 26.954870741537793, 48.151786874256132 ], [ 26.951370523843135, 48.149455016881802 ], [ 26.951035306294806, 48.144442298109965 ], [ 26.955199493983507, 48.135954251637393 ], [ 26.958871955597075, 48.13357137332541 ], [ 26.96785118056285, 48.129520660291448 ], [ 26.985965443196626, 48.128386660640722 ], [ 27.000583563595715, 48.121878141832632 ], [ 27.008000403218688, 48.125623299631435 ], [ 27.015443667352624, 48.135364965446769 ], [ 27.020229425770761, 48.138381195529512 ], [ 27.026409485233877, 48.138187406801805 ], [ 27.02912259821462, 48.136081645418777 ], [ 27.022945976190989, 48.126928626785073 ], [ 27.024511074889386, 48.124338697185685 ], [ 27.028577620172925, 48.123869723810976 ], [ 27.034855516109214, 48.129682934395454 ], [ 27.038965373295749, 48.129917639436208 ], [ 27.033717941648721, 48.115348124154636 ], [ 27.040032136605571, 48.107372488049442 ], [ 27.040677451438718, 48.103362318361221 ], [ 27.037052308905533, 48.097973187526854 ], [ 27.026878989804406, 48.092553386848415 ], [ 27.024952278448733, 48.089932914911969 ], [ 27.02795834913044, 48.087206449748606 ], [ 27.041889260061762, 48.08177752922554 ], [ 27.045448689169675, 48.069110331636693 ], [ 27.065597136973516, 48.059967861315258 ], [ 27.080021291542174, 48.051005957714125 ], [ 27.083629396963708, 48.045574036891402 ], [ 27.082199027057097, 48.037679701488123 ], [ 27.083986233033478, 48.034731714095855 ], [ 27.091650159539189, 48.032890486446668 ], [ 27.10266779722615, 48.033804204046469 ], [ 27.107528136943529, 48.032767328677238 ], [ 27.108070416804573, 48.028393252291366 ], [ 27.092157976064314, 48.021979867550193 ], [ 27.0894370159067, 48.012822213423959 ], [ 27.090383903857724, 48.008163634714208 ], [ 27.093182212844265, 48.006205657360468 ], [ 27.098745179809029, 48.005607601652599 ], [ 27.103194960638803, 48.007018030473368 ], [ 27.11251562521209, 48.013926411558749 ], [ 27.123878196522526, 48.016085833259908 ], [ 27.130777742010487, 48.012256045580315 ], [ 27.116940811748627, 48.000555225290036 ], [ 27.121829988712271, 47.993911149322777 ], [ 27.135057237939034, 47.991350662403946 ], [ 27.166146139605651, 47.994886634185825 ], [ 27.159130680478395, 47.986727438090355 ], [ 27.153203317610689, 47.971567245307185 ], [ 27.141373752553307, 47.966959756171178 ], [ 27.165555580710517, 47.955419409751791 ], [ 27.178166067053493, 47.946860785687356 ], [ 27.150837541188611, 47.921319655208151 ], [ 27.199943351852447, 47.901844025386431 ], [ 27.208989351835644, 47.849419512697068 ], [ 27.229939876228979, 47.838591032605521 ], [ 27.244280658235038, 47.837450626494203 ], [ 27.248209771982729, 47.834113843055391 ], [ 27.247061895959394, 47.830379407369051 ], [ 27.234370663450349, 47.82496950368882 ], [ 27.230546741822373, 47.825582744040098 ], [ 27.227045539090852, 47.830461282235341 ], [ 27.222819181089257, 47.831668664179894 ], [ 27.215932640282663, 47.825684710614979 ], [ 27.215274350400936, 47.819274098757482 ], [ 27.222014819710743, 47.814540398624878 ], [ 27.236922959766346, 47.817052054366037 ], [ 27.241372770040954, 47.815772451375025 ], [ 27.241050402234276, 47.812137188000797 ], [ 27.2307881934764, 47.806253807335381 ], [ 27.231474686616284, 47.79898396315982 ], [ 27.233275274965397, 47.797549299572829 ], [ 27.241674363443931, 47.797255538850088 ], [ 27.249801735870989, 47.793773282884061 ], [ 27.249014550814668, 47.788045683587406 ], [ 27.254441747079952, 47.784219022144711 ], [ 27.252672030826588, 47.780568036156147 ], [ 27.253838941229148, 47.778691976970066 ], [ 27.262832459914861, 47.781223417101373 ], [ 27.26645927218668, 47.780232727429222 ], [ 27.267911708813752, 47.767999718585543 ], [ 27.26442823838628, 47.763537797412518 ], [ 27.265127976910588, 47.760684439386516 ], [ 27.267973656229085, 47.760344285152115 ], [ 27.279668739588672, 47.76445778265802 ], [ 27.285781552791075, 47.756134834421971 ], [ 27.28024663508506, 47.752976262505463 ], [ 27.280092731230518, 47.750215538923989 ], [ 27.28659076759639, 47.748502154904799 ], [ 27.292526969769995, 47.752777956418043 ], [ 27.296905998267054, 47.75212968955519 ], [ 27.297967881712612, 47.747451607127942 ], [ 27.286543652109064, 47.745031141957597 ], [ 27.280673278209385, 47.735889973047037 ], [ 27.285336915646372, 47.730427189010769 ], [ 27.294507907693184, 47.728475177563084 ], [ 27.293932337285629, 47.724034939163218 ], [ 27.290581026490681, 47.72282727347303 ], [ 27.285965460334154, 47.723405496833308 ], [ 27.277198516840347, 47.728802544619136 ], [ 27.273173166295013, 47.728688751125169 ], [ 27.268659867627974, 47.726444292690474 ], [ 27.267929926279287, 47.731486120419028 ], [ 27.265503325197045, 47.732799095090755 ], [ 27.260207812144717, 47.730798499306083 ], [ 27.254980182440224, 47.721655522363143 ], [ 27.250048139519802, 47.71952893851136 ], [ 27.25314484028868, 47.71668408525661 ], [ 27.266467144365794, 47.712460723072603 ], [ 27.268921313192905, 47.708308894049381 ], [ 27.267953755171437, 47.703864914731568 ], [ 27.271197535254611, 47.699656593529411 ], [ 27.275351438740206, 47.69929928947986 ], [ 27.280369360111909, 47.701607999244573 ], [ 27.282651549517606, 47.700810850101448 ], [ 27.278464997462791, 47.692561955593241 ], [ 27.273211778921333, 47.690166089455445 ], [ 27.281036291285055, 47.683718177524504 ], [ 27.29646583645156, 47.680396276081659 ], [ 27.294806286373291, 47.662411566828553 ], [ 27.299593308001523, 47.66137528298389 ], [ 27.304655099857062, 47.66240429179971 ], [ 27.30728021372683, 47.661099612285497 ], [ 27.314849371639298, 47.649764072536414 ], [ 27.314610812326716, 47.643335895440828 ], [ 27.322661752373211, 47.63869020164848 ], [ 27.332442334195953, 47.628118736657179 ], [ 27.361535668581077, 47.619355152505719 ], [ 27.36873035932766, 47.604841811548035 ], [ 27.374675020532425, 47.602300336646366 ], [ 27.371063558526263, 47.600536292540497 ], [ 27.373106007746479, 47.59693032666776 ], [ 27.397547796936909, 47.587153373818957 ], [ 27.404312269922546, 47.582985800695788 ], [ 27.42470682690124, 47.58413108901302 ], [ 27.428276790184366, 47.582535211867445 ], [ 27.427741520560915, 47.579563845141323 ], [ 27.416647412935991, 47.571378350281314 ], [ 27.418575191021734, 47.565170030891174 ], [ 27.421759840419455, 47.562944396691677 ], [ 27.4305673948116, 47.563478860192411 ], [ 27.432871396723847, 47.56240581870437 ], [ 27.42403086677319, 47.554120360439384 ], [ 27.430714955127787, 47.551350835527515 ], [ 27.437465257511917, 47.550754004784004 ], [ 27.440094795442022, 47.548521125817096 ], [ 27.437528063256575, 47.546582967877846 ], [ 27.430803523219939, 47.54739241634654 ], [ 27.431020036053759, 47.544174976277823 ], [ 27.439574696488005, 47.540743914952351 ], [ 27.445243328871992, 47.535256962345024 ], [ 27.448951527776618, 47.534991746842273 ], [ 27.453699919187908, 47.537209924397658 ], [ 27.456874991081662, 47.536355652793851 ], [ 27.455910370625006, 47.533625658351845 ], [ 27.444115614937445, 47.530733424056578 ], [ 27.450437815935864, 47.52580733029162 ], [ 27.45139566721609, 47.521886624129088 ], [ 27.454980486574989, 47.521584850294765 ], [ 27.464199750827639, 47.527400703001227 ], [ 27.467619548740949, 47.526778533815879 ], [ 27.467108914275205, 47.525031969448925 ], [ 27.456111409615545, 47.518574871972334 ], [ 27.457114861884158, 47.513280038946313 ], [ 27.454336016191888, 47.507759222233936 ], [ 27.457671071649976, 47.504163840597471 ], [ 27.467373437534203, 47.499859396267077 ], [ 27.467698644162102, 47.493687555801053 ], [ 27.474799700183258, 47.485303807213796 ], [ 27.493167957429723, 47.488711013992244 ], [ 27.49585387825195, 47.486939617654429 ], [ 27.49134310919592, 47.483583899442671 ], [ 27.492791224059435, 47.480567491869891 ], [ 27.506825849664157, 47.478413850278756 ], [ 27.509115783213225, 47.480576007884437 ], [ 27.507260803814827, 47.48523383023484 ], [ 27.511813555367411, 47.487651100380631 ], [ 27.513612532488601, 47.490656783707614 ], [ 27.516078478752306, 47.490837476865771 ], [ 27.517188678781043, 47.488085439102164 ], [ 27.512426006971662, 47.481294753578361 ], [ 27.512445469237093, 47.475811565028557 ], [ 27.515310916591698, 47.473725650134597 ], [ 27.517439579617882, 47.474385232810576 ], [ 27.521698605704117, 47.482300965139217 ], [ 27.533204292298951, 47.477921805067588 ], [ 27.536333877930481, 47.478191413291398 ], [ 27.536971819013374, 47.481517808891141 ], [ 27.531316637997861, 47.484519880674696 ], [ 27.534578278881217, 47.488389041584398 ], [ 27.53811655407636, 47.489023804315835 ], [ 27.540807186485274, 47.487250230309293 ], [ 27.543179609824584, 47.477144789153407 ], [ 27.547990806817296, 47.473077079925204 ], [ 27.555792765245091, 47.470537539167474 ], [ 27.55929674362952, 47.463561203673898 ], [ 27.563619948219792, 47.462621292615509 ], [ 27.569995963229275, 47.465586678008677 ], [ 27.572587361802409, 47.463934606923772 ], [ 27.574105882615051, 47.457585059442501 ], [ 27.57091862793575, 47.450934653361436 ], [ 27.566566652276304, 47.447859742071586 ], [ 27.557579802290483, 47.447153578521565 ], [ 27.560817560970868, 47.438056458719338 ], [ 27.552576983607228, 47.433560401903392 ], [ 27.556555542636811, 47.425585508447043 ], [ 27.564278100424232, 47.422270901833137 ], [ 27.56841572307502, 47.425138410085978 ], [ 27.570613037254596, 47.424821607346111 ], [ 27.570270699381506, 47.420717387229885 ], [ 27.575142995291987, 47.418387984838994 ], [ 27.575104082177688, 47.409121082775997 ], [ 27.579096782144269, 47.407722781131348 ], [ 27.582373758770419, 47.410309035614873 ], [ 27.584381880745863, 47.408518512102411 ], [ 27.581682264532869, 47.398554814636434 ], [ 27.575796730231779, 47.398629252929652 ], [ 27.569515901488913, 47.394587267238933 ], [ 27.568163026050353, 47.385860359935421 ], [ 27.569982062058948, 47.38244639713934 ], [ 27.567316696295535, 47.379287539009923 ], [ 27.569633852957597, 47.376998221059267 ], [ 27.568854586475098, 47.373284015052583 ], [ 27.573760465320788, 47.372435840923309 ], [ 27.582610372502888, 47.379027346094979 ], [ 27.583371673698238, 47.374848468726675 ], [ 27.574107422249753, 47.371123320928199 ], [ 27.573321756266683, 47.368598733004632 ], [ 27.57589580939565, 47.367535225121131 ], [ 27.581786103108275, 47.368398392936051 ], [ 27.589105177441049, 47.364761367050939 ], [ 27.59376531274664, 47.367294340950309 ], [ 27.593672101115395, 47.371963112695049 ], [ 27.596766987452586, 47.372339122484625 ], [ 27.597294774553557, 47.3685305926968 ], [ 27.601325714558641, 47.366783951881239 ], [ 27.59514874905031, 47.347142466381101 ], [ 27.59817531818096, 47.346103390873502 ], [ 27.605336096840382, 47.349639375991529 ], [ 27.606955657091603, 47.345727704989578 ], [ 27.605235328932856, 47.339171433370659 ], [ 27.609892373356406, 47.338817069511833 ], [ 27.613893346819463, 47.342023701976125 ], [ 27.615259277901959, 47.339490998455133 ], [ 27.600035973929998, 47.328650149481327 ], [ 27.597544295792932, 47.329036035085913 ], [ 27.595114007319793, 47.332169489484471 ], [ 27.590424836616165, 47.332120263305953 ], [ 27.583565634407005, 47.331270353378329 ], [ 27.580758583064448, 47.328034905026485 ], [ 27.58315332607706, 47.326923764162153 ], [ 27.595236436986685, 47.327098986575066 ], [ 27.596791011674583, 47.324733460433357 ], [ 27.592503979287713, 47.321096452108712 ], [ 27.599621494562609, 47.31711645684473 ], [ 27.602084476130958, 47.318895198681844 ], [ 27.599570294483236, 47.323758286543942 ], [ 27.604928776683757, 47.328875153722876 ], [ 27.608860474428521, 47.328213791833456 ], [ 27.610970884283823, 47.32480730322586 ], [ 27.60550084063528, 47.318803377828225 ], [ 27.605986838564856, 47.316996629217478 ], [ 27.616753365661101, 47.319558017182111 ], [ 27.622361851501097, 47.325850867028436 ], [ 27.626964692414731, 47.318956046963876 ], [ 27.627917656021989, 47.310105769689422 ], [ 27.630902133129801, 47.309378832969756 ], [ 27.635743102697337, 47.312867391123916 ], [ 27.63831048257769, 47.311510646337354 ], [ 27.633158398029803, 47.30294686099996 ], [ 27.646617537515571, 47.299567468736612 ], [ 27.648638265396499, 47.299819774992351 ], [ 27.648828355533755, 47.30213352777853 ], [ 27.646307655354331, 47.306877075676503 ], [ 27.654564065039228, 47.307832014313156 ], [ 27.660373043329596, 47.304231384263204 ], [ 27.66331224839119, 47.308268002780636 ], [ 27.669392116139687, 47.300770283344171 ], [ 27.673595172333521, 47.299311501431866 ], [ 27.676831343018968, 47.304268605452343 ], [ 27.674782982892157, 47.309780700927547 ], [ 27.679084694835169, 47.309475534260365 ], [ 27.679718285430958, 47.29841815458628 ], [ 27.684950062768074, 47.29660770059072 ], [ 27.682715281421142, 47.290635505506778 ], [ 27.685894687542614, 47.284412313287731 ], [ 27.688385117194017, 47.285969248611494 ], [ 27.690225735383645, 47.291684616657506 ], [ 27.7062138272372, 47.289577744384786 ], [ 27.702915150872215, 47.297764217690634 ], [ 27.705291915574957, 47.300107175719198 ], [ 27.712378107956226, 47.298988311015592 ], [ 27.719043295943155, 47.293546756070278 ], [ 27.726929210635319, 47.295510698904621 ], [ 27.731929517648112, 47.292894077971056 ], [ 27.738057213847238, 47.284944209905952 ], [ 27.737914675725136, 47.275546538269261 ], [ 27.744703653773918, 47.277615110637363 ], [ 27.748200397714744, 47.276692645409746 ], [ 27.74433050396129, 47.264858434296329 ], [ 27.758677991982395, 47.257806510207317 ], [ 27.756774450236129, 47.25586560454056 ], [ 27.751930001592847, 47.255824598598267 ], [ 27.748363825244677, 47.257999426713091 ], [ 27.74223540125352, 47.256877915055703 ], [ 27.744239440074793, 47.251440733362649 ], [ 27.746497566800382, 47.251215373547758 ], [ 27.747619213978648, 47.253813634409269 ], [ 27.752054954460245, 47.254998338297455 ], [ 27.757441710534568, 47.249542719855704 ], [ 27.7536224650603, 47.245971103712591 ], [ 27.748564068891557, 47.248672452441028 ], [ 27.744906771823331, 47.245442260567216 ], [ 27.745151213148297, 47.242736080800739 ], [ 27.751370459529198, 47.237861822585707 ], [ 27.754062902380557, 47.237595847449839 ], [ 27.759186701034981, 47.240046312453991 ], [ 27.754216364993255, 47.233012090050316 ], [ 27.755224451789811, 47.230267591423157 ], [ 27.769950075450087, 47.231856350898667 ], [ 27.774739390621075, 47.230817681286638 ], [ 27.775239199053306, 47.228567237647532 ], [ 27.769711697128667, 47.221332890361104 ], [ 27.780761565269771, 47.220885078279416 ], [ 27.785844451254682, 47.218695789085473 ], [ 27.785722051407753, 47.214450276994675 ], [ 27.779812463148662, 47.209805581320204 ], [ 27.776979719436451, 47.204549722540015 ], [ 27.779457835568863, 47.203879235482326 ], [ 27.78698177421758, 47.208048318540797 ], [ 27.79011798982491, 47.207680854986357 ], [ 27.786470102478386, 47.197943478122362 ], [ 27.786695513983226, 47.190391135042098 ], [ 27.793838676432152, 47.187754997464715 ], [ 27.80224239172091, 47.190662832115237 ], [ 27.803677994700362, 47.188511723514111 ], [ 27.797956009223231, 47.179124500946024 ], [ 27.796274095612038, 47.170770251267307 ], [ 27.805432630438801, 47.16605737753541 ], [ 27.811292418035112, 47.165649691089577 ], [ 27.810607680956068, 47.162865669850092 ], [ 27.801506560008267, 47.155995305204996 ], [ 27.800457352866854, 47.151519817607578 ], [ 27.79637614899795, 47.153448214509417 ], [ 27.78950364013679, 47.153908141076613 ], [ 27.784141556095129, 47.149730002877789 ], [ 27.784889888279643, 47.147653041980199 ], [ 27.787603645705914, 47.146831760322236 ], [ 27.79557069290539, 47.149347971890812 ], [ 27.799913368827848, 47.144550662099604 ], [ 27.799377141247032, 47.141677313373329 ], [ 27.784097605031903, 47.144716490239219 ], [ 27.781441168858347, 47.144330526810577 ], [ 27.780949288780651, 47.142652240278132 ], [ 27.784277824431154, 47.140728105469535 ], [ 27.800097806644164, 47.138060554685488 ], [ 27.816571526064738, 47.138033057565366 ], [ 27.823155374537642, 47.135103092474672 ], [ 27.830794227149337, 47.138755994467672 ], [ 27.829311860473609, 47.134522160740673 ], [ 27.833134672814577, 47.132951881222638 ], [ 27.842787721559738, 47.135540565168455 ], [ 27.850455809799072, 47.130063017858205 ], [ 27.85170606180009, 47.127329239997046 ], [ 27.849584786766091, 47.123899141437192 ], [ 27.844316174996003, 47.12290649584186 ], [ 27.842172001453807, 47.128975995927931 ], [ 27.838761084514143, 47.13011452854029 ], [ 27.83669031997616, 47.126546704695215 ], [ 27.826258960056172, 47.123194200874202 ], [ 27.825895139634206, 47.121581828781252 ], [ 27.832931377431628, 47.115708164299754 ], [ 27.857076770425888, 47.112466683297775 ], [ 27.854275974677492, 47.107923166357502 ], [ 27.859900746792704, 47.103542791961438 ], [ 27.864408174477791, 47.104394086136736 ], [ 27.864782097341902, 47.108295643314172 ], [ 27.874749870894743, 47.107928485792506 ], [ 27.873813450085571, 47.105058300260502 ], [ 27.868053875675219, 47.104527830726205 ], [ 27.866798531571508, 47.10280192299382 ], [ 27.874178896473577, 47.103198852519398 ], [ 27.883685331771439, 47.098964941344725 ], [ 27.879635292600888, 47.091761074813078 ], [ 27.884511701320385, 47.08983721915714 ], [ 27.888834472484223, 47.090596785845896 ], [ 27.89399709239413, 47.08629280238506 ], [ 27.897658354479571, 47.073436635684686 ], [ 27.899812003039447, 47.073188487490334 ], [ 27.906087387852484, 47.07668013950336 ], [ 27.916540585561943, 47.066965996265409 ], [ 27.922809750021298, 47.067917005744839 ], [ 27.931623059589135, 47.062166186266879 ], [ 27.937826131381506, 47.062600026271227 ], [ 27.939266676054853, 47.066126709719725 ], [ 27.94076177757648, 47.065955815059795 ], [ 27.945204823741129, 47.060326413914453 ], [ 27.95695843934627, 47.058240546103399 ], [ 27.960352281992567, 47.055763117736348 ], [ 27.958980411630961, 47.054067490930038 ], [ 27.951918705032476, 47.0547202590135 ], [ 27.946418059552279, 47.052967245765487 ], [ 27.944595850591217, 47.049870500331394 ], [ 27.951985208018449, 47.046858706993518 ], [ 27.964067800320517, 47.049366180717819 ], [ 27.963378363595357, 47.047412989723981 ], [ 27.957955817123473, 47.045968586811512 ], [ 27.959653032549326, 47.041198030348014 ], [ 27.963533353769062, 47.043602319442442 ], [ 27.972731298090387, 47.044606914659646 ], [ 27.976065770876737, 47.0426867488504 ], [ 27.977667567162555, 47.037686117991008 ], [ 27.984261016909898, 47.03445737996681 ], [ 27.986927890438398, 47.034525027795404 ], [ 27.989306479276344, 47.037920075279686 ], [ 27.99245711791335, 47.037603142481217 ], [ 27.996058324253205, 47.034878022665417 ], [ 27.995038547591879, 47.028956907452141 ], [ 28.019681473449705, 47.022951254751526 ], [ 28.023939552336259, 47.024077956394372 ], [ 28.023890531788457, 47.027729231834869 ], [ 28.026390505115305, 47.029938456163308 ], [ 28.03528176970622, 47.030283433422902 ], [ 28.038648191499011, 47.027863454332582 ], [ 28.040510472605195, 47.021462685720586 ], [ 28.043072112281095, 47.020066838283064 ], [ 28.046128465921761, 47.024765877485883 ], [ 28.048011399177483, 47.024963567932268 ], [ 28.052251500326843, 47.019577240971188 ], [ 28.053213471899532, 47.013506090031491 ], [ 28.045774017799829, 47.018377589397822 ], [ 28.041314966018767, 47.019183421277724 ], [ 28.036847347626363, 47.017370009950028 ], [ 28.032873796683994, 47.013522952182555 ], [ 28.032613644639852, 47.010918061723622 ], [ 28.035669412332723, 47.010028271597015 ], [ 28.037259993349558, 47.012076471808484 ], [ 28.040011781732876, 47.011752760181977 ], [ 28.043460243318417, 47.008756185817063 ], [ 28.042740267002277, 47.007218485375638 ], [ 28.039473107618704, 47.007664107379739 ], [ 28.040085366340875, 47.006560914358587 ], [ 28.05092171796413, 47.001290781783545 ], [ 28.053586208473867, 47.00250120343734 ], [ 28.051182909701133, 47.005692607952284 ], [ 28.054277575260127, 47.005523875085935 ], [ 28.056225376429449, 47.003193469326234 ], [ 28.054724079846562, 46.999475123995232 ], [ 28.081820014397632, 46.990266709968765 ], [ 28.082134279772518, 46.98822296384779 ], [ 28.07789380637557, 46.986406315978464 ], [ 28.078154529163104, 46.98508191747257 ], [ 28.085174738181156, 46.984743452619547 ], [ 28.096140797598228, 46.978947077019775 ], [ 28.093879512393027, 46.975014998771641 ], [ 28.084664459639512, 46.971933013118168 ], [ 28.085666472310383, 46.965261532249151 ], [ 28.078331878014811, 46.963341028981269 ], [ 28.08448684658768, 46.95684151573159 ], [ 28.093514221489063, 46.956716735719411 ], [ 28.089672102500192, 46.948247069331295 ], [ 28.091279817873382, 46.947125164741621 ], [ 28.095616045875232, 46.95029678994846 ], [ 28.098190915951871, 46.949167543679927 ], [ 28.096765115808907, 46.941864077345642 ], [ 28.092813928951347, 46.939470092122221 ], [ 28.087880511650717, 46.94178749139018 ], [ 28.090328385965229, 46.937505726050006 ], [ 28.088158690974957, 46.935046994094442 ], [ 28.084889861890016, 46.938700472361731 ], [ 28.081301133237115, 46.937539484295236 ], [ 28.084335176461707, 46.934125417252766 ], [ 28.103473300763561, 46.932374831281663 ], [ 28.105585741009836, 46.928448625353681 ], [ 28.09935195633037, 46.930019581047802 ], [ 28.096146539224183, 46.928604831165302 ], [ 28.112719690911909, 46.921709266256137 ], [ 28.103958619896947, 46.910153384307243 ], [ 28.09478795569752, 46.910319396086976 ], [ 28.095737033174554, 46.905059509472778 ], [ 28.091871886788827, 46.905165501902708 ], [ 28.087424791641915, 46.907613466421971 ], [ 28.082928550531694, 46.902945583911375 ], [ 28.088869380871518, 46.899784689913126 ], [ 28.085585791461678, 46.89527179850716 ], [ 28.09331487365862, 46.896364517678549 ], [ 28.096893748888665, 46.89207844334004 ], [ 28.103470382890258, 46.896025001244119 ], [ 28.108422637526719, 46.889174847067835 ], [ 28.110276237055515, 46.895556757054749 ], [ 28.114289686772146, 46.891358300844828 ], [ 28.11241185268673, 46.882240741562761 ], [ 28.118757060574861, 46.877700967066673 ], [ 28.113666771101435, 46.87694933110096 ], [ 28.108407812247705, 46.873158726365041 ], [ 28.100395313337735, 46.873217346151463 ], [ 28.09821299758968, 46.870184958159015 ], [ 28.111835722318379, 46.869585915236186 ], [ 28.107523410510897, 46.865682756236133 ], [ 28.123139334244538, 46.857142206759505 ], [ 28.122993831818125, 46.855964861952621 ], [ 28.117341677186065, 46.855071035420409 ], [ 28.117295019899668, 46.853652485223954 ], [ 28.126588296066039, 46.852912434047688 ], [ 28.123458485533479, 46.847148847201517 ], [ 28.11944174231758, 46.84995915116199 ], [ 28.116137679376187, 46.848194369382945 ], [ 28.112866517774695, 46.840901192482406 ], [ 28.109768989949558, 46.844351763487182 ], [ 28.107526624213001, 46.842791651275562 ], [ 28.115304562749898, 46.836683568166201 ], [ 28.115964912348574, 46.828151463929785 ], [ 28.114037995464052, 46.822253623798773 ], [ 28.119079438630571, 46.818660884226283 ], [ 28.125304142975242, 46.822925154230632 ], [ 28.123459414563523, 46.813837759959803 ], [ 28.130429484428703, 46.813033272907113 ], [ 28.127753742686512, 46.808720099917132 ], [ 28.128651746583476, 46.806513386635608 ], [ 28.135364659108312, 46.801959036682113 ], [ 28.144600678289351, 46.802192749543693 ], [ 28.147263417781481, 46.79870680975241 ], [ 28.152932108441927, 46.799483048041182 ], [ 28.148921760910792, 46.793776861096241 ], [ 28.155565075525924, 46.791296662975327 ], [ 28.160702988552899, 46.784373312090331 ], [ 28.162469077326573, 46.786042249404872 ], [ 28.161089885809901, 46.791131849621884 ], [ 28.164774425931562, 46.791368442092974 ], [ 28.166460281515807, 46.789656811493842 ], [ 28.165627239785103, 46.783757993475014 ], [ 28.169924853133843, 46.783039541156128 ], [ 28.176221577023792, 46.778484300254036 ], [ 28.175665571003524, 46.777062828463407 ], [ 28.171805318214666, 46.778360418363782 ], [ 28.160465403132271, 46.777323477439175 ], [ 28.16495244521413, 46.773950610734325 ], [ 28.172596611737671, 46.775567477253368 ], [ 28.167606483428383, 46.769866367841693 ], [ 28.171121374581897, 46.76831931259602 ], [ 28.177556934876012, 46.770829317587967 ], [ 28.177407839638676, 46.758897023460314 ], [ 28.185157826648553, 46.75967478421488 ], [ 28.181604262282644, 46.754945077765548 ], [ 28.17774090815448, 46.756587276546838 ], [ 28.17519660921932, 46.755723561341497 ], [ 28.173142427632769, 46.750503724521529 ], [ 28.17698149304907, 46.751039577566289 ], [ 28.176925910131878, 46.746925091332294 ], [ 28.181625249270205, 46.747643152407385 ], [ 28.183253942758604, 46.746451559026909 ], [ 28.183463707753099, 46.742810042834058 ], [ 28.179101952128377, 46.74393335760535 ], [ 28.178010962097829, 46.742855424869482 ], [ 28.183542341328192, 46.734327178697704 ], [ 28.185643218620076, 46.73368789941771 ], [ 28.191799222236355, 46.735911367124366 ], [ 28.19429303008226, 46.734503362176966 ], [ 28.195105975987062, 46.729790769348568 ], [ 28.188305550923751, 46.728164197165427 ], [ 28.186861068033487, 46.723547885373883 ], [ 28.193508423898759, 46.723051580991019 ], [ 28.1957483912039, 46.719677400099023 ], [ 28.202008328012081, 46.721566626587808 ], [ 28.201352209524234, 46.716067677757074 ], [ 28.208972453471226, 46.712699541659184 ], [ 28.210080215653964, 46.704330923394878 ], [ 28.202147638646565, 46.700126441751472 ], [ 28.212619365402794, 46.697315994834696 ], [ 28.214768698927831, 46.694554116169719 ], [ 28.212764606978745, 46.688020600348565 ], [ 28.208302652153669, 46.687544424291133 ], [ 28.207931045211893, 46.685989808494377 ], [ 28.214042657812556, 46.683014605652339 ], [ 28.215673281896052, 46.688655848175479 ], [ 28.220765121346101, 46.690334637511498 ], [ 28.224741377350973, 46.679865477805542 ], [ 28.223635835192074, 46.676105239318851 ], [ 28.227500563970324, 46.673816247897136 ], [ 28.231598672322072, 46.674556038377439 ], [ 28.230254527145092, 46.681668312525638 ], [ 28.23609576605088, 46.679583682008044 ], [ 28.235148748639251, 46.674257978095284 ], [ 28.239811239010791, 46.667820330098358 ], [ 28.238734118420233, 46.666134487742518 ], [ 28.235043575705852, 46.667010917067273 ], [ 28.237568672088219, 46.651245571528783 ], [ 28.246021370241898, 46.645622100707627 ], [ 28.239701470096175, 46.645692622980043 ], [ 28.238219991122715, 46.644300072554948 ], [ 28.243019554383093, 46.641006317286298 ], [ 28.244662842066706, 46.637675158099427 ], [ 28.243939268042332, 46.6341358380242 ], [ 28.239096755010124, 46.629876588852675 ], [ 28.241460968776597, 46.627777386806109 ], [ 28.247847679834123, 46.628046697848092 ], [ 28.251390404040194, 46.62131436438483 ], [ 28.249020695879164, 46.615825793248014 ], [ 28.252335574024986, 46.612484506532041 ], [ 28.244272449020006, 46.607195525940185 ], [ 28.250190313845678, 46.604030406041929 ], [ 28.242178243914804, 46.601612838166496 ], [ 28.238284527661541, 46.596856898558897 ], [ 28.24117002973637, 46.592881795485837 ], [ 28.239056122806318, 46.589000480569958 ], [ 28.23117760609567, 46.585193008605849 ], [ 28.241222012940447, 46.581089865998571 ], [ 28.222897508727975, 46.579817582932961 ], [ 28.22518400375947, 46.571225200746987 ], [ 28.227861054178714, 46.568547567075036 ], [ 28.225439095384601, 46.563850463194683 ], [ 28.233017870647629, 46.56340670254712 ], [ 28.233005253084876, 46.557358699361551 ], [ 28.235703077226464, 46.551868749826689 ], [ 28.226689238660164, 46.553665084355778 ], [ 28.220976504073295, 46.546607302089981 ], [ 28.22307078223097, 46.543851287544733 ], [ 28.215441619014641, 46.537590198663899 ], [ 28.215197128499817, 46.536319261048739 ], [ 28.223386582577181, 46.533699720922783 ], [ 28.224282832954568, 46.536531414232911 ], [ 28.227190199161956, 46.536207958731545 ], [ 28.225473153269252, 46.530099924056941 ], [ 28.227145308429705, 46.529372928131529 ], [ 28.230098194350337, 46.531003987366397 ], [ 28.229983380608456, 46.526700388112346 ], [ 28.224719096652436, 46.520374273576657 ], [ 28.221394300351712, 46.520622631305017 ], [ 28.217855442323824, 46.523238713839397 ], [ 28.214486047307361, 46.522221859378313 ], [ 28.219807133055806, 46.517922129519825 ], [ 28.222849479362594, 46.511319453418352 ], [ 28.221002308202799, 46.510437579825584 ], [ 28.215110196972876, 46.512520988214682 ], [ 28.209155290354662, 46.505332794323962 ], [ 28.215066808882831, 46.502906035839111 ], [ 28.211539130836673, 46.4988715284425 ], [ 28.21656092681641, 46.498918889327172 ], [ 28.221170009033408, 46.503223596764443 ], [ 28.223392064460008, 46.495368408266437 ], [ 28.230925205447953, 46.494867009988035 ], [ 28.228292045868244, 46.489407248751753 ], [ 28.232046003342433, 46.484106663993757 ], [ 28.225722746557533, 46.481274623221609 ], [ 28.225160969371938, 46.479431570382793 ], [ 28.235320841540595, 46.475805261972027 ], [ 28.239129949713369, 46.47956125886877 ], [ 28.242490163696274, 46.479138419083853 ], [ 28.24644736808256, 46.475668016348671 ], [ 28.24482221926662, 46.46928247210078 ], [ 28.252146094009689, 46.467507045589286 ], [ 28.245488260595028, 46.463692277803666 ], [ 28.25812683836434, 46.462281016317867 ], [ 28.257557026576002, 46.459763341235423 ], [ 28.248471890596083, 46.457101689602595 ], [ 28.240041793849098, 46.452314139841931 ], [ 28.242093413069419, 46.447491493111016 ], [ 28.257102454977549, 46.447379450272763 ], [ 28.260980484980475, 46.437315389923604 ], [ 28.254863741053114, 46.432577022857537 ], [ 28.258549243620504, 46.426764666374844 ], [ 28.255475670174473, 46.423097813414991 ], [ 28.250214285918393, 46.420670756817167 ], [ 28.25027530060618, 46.415786458329364 ], [ 28.240644891218388, 46.417175443369189 ], [ 28.230602768876885, 46.415564051937274 ], [ 28.23110388476157, 46.407625612768648 ], [ 28.238774239841828, 46.406774129894352 ], [ 28.23488477368803, 46.403456116054201 ], [ 28.227559106417512, 46.403591869292526 ], [ 28.224926790902675, 46.399423795030643 ], [ 28.229462383728933, 46.39857173396441 ], [ 28.238419716158056, 46.400643234809152 ], [ 28.24307477027795, 46.395276202683704 ], [ 28.234662719771148, 46.389982534131974 ], [ 28.231205498338177, 46.391806654172825 ], [ 28.224713159939494, 46.391953958661368 ], [ 28.217760173227234, 46.395988934594634 ], [ 28.215959914361836, 46.391749059841295 ], [ 28.223656701605506, 46.388621407951078 ], [ 28.217812847923174, 46.383267982101245 ], [ 28.221896330984837, 46.381819163301181 ], [ 28.218484483139108, 46.380722822419457 ], [ 28.214240087156067, 46.381596105145562 ], [ 28.210301560714118, 46.378067020836745 ], [ 28.208867740264736, 46.372814639398399 ], [ 28.200939917607997, 46.37438931293444 ], [ 28.197645292859718, 46.370615242150485 ], [ 28.207381051753877, 46.369273430746745 ], [ 28.203883226484013, 46.366813517864919 ], [ 28.206255407174076, 46.364653443625222 ], [ 28.199085555772029, 46.365076297648201 ], [ 28.200839079437849, 46.359243478423245 ], [ 28.206076073458213, 46.360646861794329 ], [ 28.208330678086664, 46.359142239698706 ], [ 28.199321091643135, 46.356549077581526 ], [ 28.192738733445061, 46.357485923008035 ], [ 28.192632136699363, 46.359562834285668 ], [ 28.191230447931794, 46.355165735424215 ], [ 28.196401970409365, 46.350284812377751 ], [ 28.195006938512766, 46.349411057067478 ], [ 28.185645939503452, 46.351301846582899 ], [ 28.188581993540957, 46.353479951824831 ], [ 28.183047057117903, 46.352721506438286 ], [ 28.188276792959876, 46.344864538918209 ], [ 28.194285360861912, 46.342699440404921 ], [ 28.194272798103498, 46.347312564732391 ], [ 28.199745709550239, 46.343477237711873 ], [ 28.195235665948708, 46.339078601897967 ], [ 28.197214823118745, 46.334168367666287 ], [ 28.192892637894317, 46.334283834887138 ], [ 28.188461171767528, 46.337378243958284 ], [ 28.184136582295427, 46.332910022873357 ], [ 28.192271449116326, 46.330197168393411 ], [ 28.186474848495422, 46.32681213905537 ], [ 28.192787160380828, 46.323163153651407 ], [ 28.19483738543013, 46.323629132239446 ], [ 28.197169469413751, 46.328290217343998 ], [ 28.199854202716391, 46.326667688717848 ], [ 28.201710200881212, 46.320303306546357 ], [ 28.208953784507457, 46.320656474242192 ], [ 28.203718507707986, 46.31195230146551 ], [ 28.195396586291, 46.303138056839899 ], [ 28.189375238469424, 46.303065035936193 ], [ 28.182480214300647, 46.299721028216005 ], [ 28.17832112737209, 46.299937680942747 ], [ 28.179560249256994, 46.295772482330456 ], [ 28.187083913739361, 46.293447357662451 ], [ 28.185540814105739, 46.290494736924529 ], [ 28.179296383083589, 46.290561414946083 ], [ 28.180593705410754, 46.285542594925552 ], [ 28.173018281961117, 46.29019526558104 ], [ 28.177037152033513, 46.294784174648925 ], [ 28.172780189303374, 46.298063956349104 ], [ 28.170714255158117, 46.297575707427697 ], [ 28.169067530170818, 46.29425323615861 ], [ 28.169186878770454, 46.282532860236365 ], [ 28.162870284979881, 46.28189734284323 ], [ 28.164864127067943, 46.286340552517544 ], [ 28.156641548407688, 46.286367598412333 ], [ 28.154026828456569, 46.291815616579434 ], [ 28.149622397589951, 46.292215603502733 ], [ 28.153122983141976, 46.282656358167912 ], [ 28.152582878837151, 46.279008368979589 ], [ 28.144246118864555, 46.278603236780114 ], [ 28.147322417635039, 46.286115771832357 ], [ 28.142684248901269, 46.28641515541576 ], [ 28.139633047449795, 46.284769496396684 ], [ 28.136779282853034, 46.280095207429376 ], [ 28.136669018179358, 46.270425822574509 ], [ 28.134535873659381, 46.266731805892299 ], [ 28.136097796456099, 46.264447203605613 ], [ 28.126451308587246, 46.261995791029236 ], [ 28.130249197319664, 46.25643395375247 ], [ 28.141706500210088, 46.257445862826316 ], [ 28.146539954428299, 46.251945595531488 ], [ 28.138412426366042, 46.247831778775577 ], [ 28.133764899424914, 46.251052810041024 ], [ 28.122742857061024, 46.24165171336314 ], [ 28.118851522056278, 46.242955715132155 ], [ 28.119168932388732, 46.238744706730763 ], [ 28.11413798377658, 46.246017856689605 ], [ 28.109961392009097, 46.242891910275354 ], [ 28.111723612213204, 46.231595497894304 ], [ 28.106400884524618, 46.221555943589046 ], [ 28.111983098539675, 46.219718278929619 ], [ 28.11082296307552, 46.216293823896748 ], [ 28.107867721200375, 46.214611537232578 ], [ 28.114855896897602, 46.211113045803479 ], [ 28.109601985051256, 46.205217323672208 ], [ 28.112842666254025, 46.20204115776265 ], [ 28.115850854629898, 46.202757988321686 ], [ 28.117823242316895, 46.205449002069862 ], [ 28.116456835821076, 46.210947847235133 ], [ 28.12160601774109, 46.21184199032858 ], [ 28.125694551027266, 46.208100658760415 ], [ 28.125977093219841, 46.205178334582307 ], [ 28.123226577958611, 46.199441677536747 ], [ 28.117629107880134, 46.195643159452928 ], [ 28.118186737479252, 46.192032869950928 ], [ 28.120386392427502, 46.191459686777513 ], [ 28.134192290426522, 46.195586935110803 ], [ 28.137617419285863, 46.191881580992124 ], [ 28.14117333857422, 46.19205400925641 ], [ 28.140413859724312, 46.183232662126173 ], [ 28.133752654376611, 46.186020135381959 ], [ 28.130791716357486, 46.184746591361787 ], [ 28.133444918876741, 46.18126772015593 ], [ 28.143902277718308, 46.179473320894104 ], [ 28.143075443132506, 46.177048899424094 ], [ 28.138181744049518, 46.176166577457074 ], [ 28.129683782637258, 46.179049021280015 ], [ 28.128022788689016, 46.177204021647441 ], [ 28.129693979483378, 46.17455338210133 ], [ 28.138485807488482, 46.170278104386448 ], [ 28.142813691717919, 46.164314713536449 ], [ 28.136414371207547, 46.162241967195158 ], [ 28.132306757124624, 46.154289199628366 ], [ 28.126816655288788, 46.155473237626744 ], [ 28.124347008009945, 46.151694868070372 ], [ 28.123642082962796, 46.147492594441687 ], [ 28.129188758733193, 46.14423937168791 ], [ 28.125164064535806, 46.137187574420501 ], [ 28.12862592291447, 46.131325122804334 ], [ 28.134349242320894, 46.130428406903512 ], [ 28.129279547910311, 46.125404477442046 ], [ 28.124351036979583, 46.125774917493864 ], [ 28.124269591693711, 46.111618356554906 ], [ 28.118487263089413, 46.112598311627934 ], [ 28.115978083288933, 46.109942915481113 ], [ 28.116075747395531, 46.107634985556857 ], [ 28.122763409894201, 46.104932188241087 ], [ 28.117264483849024, 46.102086744030331 ], [ 28.109976119450625, 46.103629113472259 ], [ 28.107208639921094, 46.098502532672228 ], [ 28.10225359311525, 46.098430753399434 ], [ 28.10707594266275, 46.095482650817956 ], [ 28.105579494611543, 46.089523590616167 ], [ 28.1115473835202, 46.087004273801369 ], [ 28.107093488793389, 46.083100927362565 ], [ 28.108878186353849, 46.078272870021912 ], [ 28.105528491868021, 46.078083315786934 ], [ 28.099812439367273, 46.081005475676974 ], [ 28.096900279827892, 46.078233137182437 ], [ 28.092303259279714, 46.078667183557293 ], [ 28.093331873457814, 46.073984608637716 ], [ 28.08891990487642, 46.068895885653504 ], [ 28.100572143550508, 46.064160688710828 ], [ 28.098217258302487, 46.060406934831256 ], [ 28.090183944815994, 46.060086251152988 ], [ 28.088962461780699, 46.057826331366087 ], [ 28.092828967065831, 46.05334365225464 ], [ 28.102174179737485, 46.054127001266146 ], [ 28.105065502163857, 46.052785780076881 ], [ 28.100480968339781, 46.047316425421712 ], [ 28.103719803420336, 46.043079487473662 ], [ 28.097223357010066, 46.043434184774156 ], [ 28.090249443645131, 46.034817873772624 ], [ 28.087507021748159, 46.020357197276823 ], [ 28.094697442425737, 46.0171312090933 ], [ 28.095759725766026, 46.014952876569048 ], [ 28.085268834465623, 46.008347284760532 ], [ 28.091081077455769, 46.004949852166583 ], [ 28.099133980694454, 45.990897670698828 ], [ 28.105253903433052, 45.989168313874806 ], [ 28.098339250184871, 45.978495583976823 ], [ 28.107083531825889, 45.978168067818501 ], [ 28.106478925270942, 45.97580475024526 ], [ 28.101510257329608, 45.972641948377365 ], [ 28.1083025030598, 45.968330523433799 ], [ 28.105093324515025, 45.962740741792537 ], [ 28.114631431772882, 45.953933145453362 ], [ 28.118221201459253, 45.944571519414772 ], [ 28.114337296745511, 45.935566673657128 ], [ 28.120767107227412, 45.931284906354627 ], [ 28.125666749648286, 45.922507806058313 ], [ 28.120409997927688, 45.918321576274032 ], [ 28.119634127300891, 45.913790526430645 ], [ 28.116096222395665, 45.909416849857323 ], [ 28.119678648658795, 45.900684479680315 ], [ 28.112140686193904, 45.898940665406371 ], [ 28.112656429049277, 45.89532917237819 ], [ 28.116333537992446, 45.892546598584644 ], [ 28.118148368668464, 45.887532144537907 ], [ 28.112558127796959, 45.884586555902978 ], [ 28.115113725133977, 45.882688247195375 ], [ 28.121260313951719, 45.883565664691261 ], [ 28.123125323690118, 45.882069762214208 ], [ 28.126858852448176, 45.885243725893574 ], [ 28.130512438022631, 45.88167284470979 ], [ 28.127958674038645, 45.877518570562344 ], [ 28.132506551696597, 45.876762327657268 ], [ 28.127558492512033, 45.870697361736909 ], [ 28.126866912809753, 45.862781016626499 ], [ 28.12025599457078, 45.863670565931557 ], [ 28.114420143541832, 45.860174177778738 ], [ 28.108958142662239, 45.860635214223912 ], [ 28.105754774823737, 45.859352161260944 ], [ 28.11032210884234, 45.851525959353161 ], [ 28.114110770797911, 45.849250370917098 ], [ 28.112196416820868, 45.844754830461582 ], [ 28.105376991628866, 45.843094323109433 ], [ 28.112585738939547, 45.834546481359794 ], [ 28.108884819220236, 45.831081130993518 ], [ 28.111933913681412, 45.826700710842893 ], [ 28.109379196976167, 45.824414529635327 ], [ 28.113023413519656, 45.820887068249405 ], [ 28.107767350250359, 45.815986672301243 ], [ 28.111399964240942, 45.814660686975309 ], [ 28.118602527471158, 45.814876964211955 ], [ 28.121223171317357, 45.805520809700489 ], [ 28.119711956023956, 45.802076962373945 ], [ 28.122555411444925, 45.798059161360023 ], [ 28.118924866686822, 45.794534868689183 ], [ 28.113056400054237, 45.795973066870275 ], [ 28.112668215569602, 45.793036831009374 ], [ 28.114575196945076, 45.790092013287193 ], [ 28.120487600756643, 45.791100695097384 ], [ 28.126667939230366, 45.783602299891655 ], [ 28.134966146800473, 45.778384191903072 ], [ 28.151470831756331, 45.783546460308187 ], [ 28.153800020919611, 45.782428592902448 ], [ 28.152264280591172, 45.779902602356337 ], [ 28.155091299257808, 45.778530823053813 ], [ 28.155132500026959, 45.775547878485547 ], [ 28.149776882652045, 45.773212711473008 ], [ 28.148023222072037, 45.767410364727326 ], [ 28.149803051033174, 45.764165560162979 ], [ 28.1445696942206, 45.764052690748066 ], [ 28.143432208011113, 45.760320087666599 ], [ 28.151720973795793, 45.754199544072279 ], [ 28.149616499604978, 45.751171036886802 ], [ 28.151101072563733, 45.744299011220875 ], [ 28.155840302889541, 45.744074030477215 ], [ 28.157374303582205, 45.739974204157001 ], [ 28.166845848127899, 45.736465616264624 ], [ 28.166154184221863, 45.730754001853356 ], [ 28.162600934993868, 45.729212783666334 ], [ 28.160769607744527, 45.725231838602362 ], [ 28.167169148352119, 45.72376430880314 ], [ 28.164071384181806, 45.717251738648891 ], [ 28.170856437739822, 45.709461350596413 ], [ 28.169008589906685, 45.707191408183746 ], [ 28.160147330031972, 45.703572123917432 ], [ 28.16438199461577, 45.697333133723291 ], [ 28.162507472736309, 45.692795941526143 ], [ 28.16664573681712, 45.682278698560388 ], [ 28.171426740746153, 45.679338000663108 ], [ 28.166666873620606, 45.666190075400941 ], [ 28.162113015235949, 45.660446669211787 ], [ 28.165926483532246, 45.653506728224421 ], [ 28.157782865492173, 45.651150354736757 ], [ 28.159836249321675, 45.649447416877429 ], [ 28.171161074916217, 45.648741216325043 ], [ 28.174174477352331, 45.645927904722676 ], [ 28.171606329395253, 45.640617367369394 ], [ 28.156757703981274, 45.636572847789118 ], [ 28.149557003789713, 45.626142645935687 ], [ 28.145540641369717, 45.624760639633564 ], [ 28.144407733733185, 45.621572683876863 ], [ 28.141144138686847, 45.622359563258087 ], [ 28.139520695297158, 45.625421678683857 ], [ 28.136979152760965, 45.625485186832044 ], [ 28.130265959413943, 45.623673944361215 ], [ 28.131801395431836, 45.619887656618054 ], [ 28.129754898687317, 45.618829100272244 ], [ 28.122404865369965, 45.622629185001109 ], [ 28.120190532711764, 45.626608249079524 ], [ 28.112783935615195, 45.626177064773209 ], [ 28.109562919394083, 45.621332055929045 ], [ 28.10061159425921, 45.61870268589248 ], [ 28.098930718318844, 45.615615853978206 ], [ 28.089526270299302, 45.610120412860425 ], [ 28.088451144395055, 45.605258511937429 ], [ 28.092091543313941, 45.598560039172803 ], [ 28.100107690474953, 45.595469479760631 ], [ 28.105778290791275, 45.588461129380349 ], [ 28.113224074983385, 45.58613414910463 ], [ 28.117682441088977, 45.580587131072519 ], [ 28.121001563639172, 45.579100991990657 ], [ 28.117280051601242, 45.576047610700812 ], [ 28.121122272563468, 45.572230255447494 ], [ 28.1250735288675, 45.573866858488451 ], [ 28.126987959912171, 45.571271572287174 ], [ 28.130731594483603, 45.575551525974092 ], [ 28.134338991850576, 45.571058271618718 ], [ 28.135802428449125, 45.572696492448038 ], [ 28.134758300426491, 45.577097308953427 ], [ 28.138538815588607, 45.577556756703736 ], [ 28.145531937432381, 45.566020098176189 ], [ 28.15324815085966, 45.574067992183984 ], [ 28.156543341515142, 45.575205364473092 ], [ 28.155023726945551, 45.565813749803716 ], [ 28.148166740279748, 45.562411816139438 ], [ 28.150393687665886, 45.561089705244235 ], [ 28.158810264516365, 45.560765874598836 ], [ 28.155425788301677, 45.554959631831011 ], [ 28.161287478904672, 45.546946454692787 ], [ 28.165326480610087, 45.545379266705076 ], [ 28.165873704858299, 45.537022670939074 ], [ 28.16206276029088, 45.533618959306459 ], [ 28.166289446037016, 45.528421956790773 ], [ 28.165435855983997, 45.524410265319048 ], [ 28.159209266575317, 45.525668612939818 ], [ 28.156943526798766, 45.524330365852336 ], [ 28.166744196344318, 45.520174066287552 ], [ 28.16229827727226, 45.512128311084716 ], [ 28.155142295138418, 45.511090808056927 ], [ 28.154394571865627, 45.509758004296309 ], [ 28.163903403698345, 45.508319912705332 ], [ 28.162245752519155, 45.500307356149165 ], [ 28.170794787254934, 45.501456623248842 ], [ 28.172275762125413, 45.500588260615466 ], [ 28.176559615482763, 45.494744663403232 ], [ 28.178722148927839, 45.484398059451578 ], [ 28.183108879838485, 45.481280137158954 ], [ 28.185606082419465, 45.474827675902581 ], [ 28.210800162494618, 45.46717808423125 ] ] } },
{ "type": "Feature", "properties": { "border": "RO.BG" }, "geometry": { "type": "LineString", "coordinates": [ [ 28.579031155800916, 43.738718091884316 ], [ 28.446183839828667, 43.733709016476169 ], [ 28.348482035554973, 43.752146625269468 ], [ 28.236431426326941, 43.758488417172593 ], [ 28.115952959035425, 43.797182053738318 ], [ 28.015793081011832, 43.836886199577947 ], [ 27.994217749877244, 43.842883166518092 ], [ 27.97627082051191, 43.900942434154253 ], [ 27.954071970440587, 43.94014898268167 ], [ 27.944268246181249, 43.98479337110782 ], [ 27.916822470687311, 44.008225345742069 ], [ 27.843485173855612, 43.966391123005565 ], [ 27.754245291540602, 43.958316727963336 ], [ 27.737855822733305, 43.953520243399652 ], [ 27.732162391818651, 43.953932404079936 ], [ 27.710037058603582, 43.959391593175965 ], [ 27.67364995294248, 44.029799365120681 ], [ 27.643523178919981, 44.047932342328494 ], [ 27.611944979812048, 44.012205965755705 ], [ 27.468764479890581, 44.022501157480924 ], [ 27.399427941618306, 44.012369002966857 ], [ 27.370792038369451, 44.03891967258069 ], [ 27.35616644510278, 44.058708735804963 ], [ 27.291184421738052, 44.075173891778654 ], [ 27.290657503985802, 44.083054584343245 ], [ 27.279811955712415, 44.093657438485437 ], [ 27.276869544508809, 44.099250606747518 ], [ 27.276295869575151, 44.105420848043835 ], [ 27.284143708888752, 44.109862353559393 ], [ 27.276620679584106, 44.11522679406086 ], [ 27.275754861345561, 44.119106453506554 ], [ 27.278031780121957, 44.122387910393286 ], [ 27.27204763760459, 44.126105697905395 ], [ 27.25949396737078, 44.125107840356769 ], [ 27.25272950258428, 44.120176431208755 ], [ 27.240157150139556, 44.11756674610551 ], [ 27.217274921645444, 44.116678189178657 ], [ 27.185191500188996, 44.120496293494362 ], [ 27.168992486585338, 44.13012020413526 ], [ 27.138675299566401, 44.140109520775518 ], [ 27.122437687983478, 44.140140868648388 ], [ 27.102224721352822, 44.136774682070353 ], [ 27.09002227824665, 44.133099057252238 ], [ 27.080372964404589, 44.132981769273108 ], [ 27.061022503955318, 44.135637238751244 ], [ 27.049429489656209, 44.140219602173637 ], [ 27.047409863426886, 44.141556625248121 ], [ 27.048077560334256, 44.144002002869065 ], [ 27.041950955966207, 44.144615872430187 ], [ 27.022295088804729, 44.142121609574282 ], [ 26.994512342153538, 44.133912213019364 ], [ 26.961908745860185, 44.136188329554244 ], [ 26.923278022710257, 44.131995698256659 ], [ 26.906706109613435, 44.13333129085656 ], [ 26.881373099639344, 44.124176625127213 ], [ 26.882214767632842, 44.122991885024398 ], [ 26.840864139853085, 44.111456153013478 ], [ 26.811020540782945, 44.096702546301827 ], [ 26.777923215726176, 44.082457334082775 ], [ 26.762806326394642, 44.077866304608172 ], [ 26.723739421206556, 44.072667555811485 ], [ 26.72367097355065, 44.074526403550337 ], [ 26.708095798034588, 44.076228521319273 ], [ 26.690293405620857, 44.074426807567136 ], [ 26.662805441977579, 44.064852031902078 ], [ 26.663804224678685, 44.062844085362848 ], [ 26.614987256025298, 44.056187258679692 ], [ 26.592819724675625, 44.050035470233553 ], [ 26.570462409594207, 44.054018794360047 ], [ 26.528280618649752, 44.053648313546169 ], [ 26.502088912660334, 44.046730386547317 ], [ 26.457709460873428, 44.038472782945014 ], [ 26.458592745310472, 44.036112256832119 ], [ 26.455101865680419, 44.035170781053374 ], [ 26.43462738532433, 44.033097862386128 ], [ 26.434517917552611, 44.035325991400526 ], [ 26.406366525030148, 44.037414818549436 ], [ 26.399599285319255, 44.040218875734304 ], [ 26.379992538014328, 44.042949687473168 ], [ 26.373516817832517, 44.042508353043019 ], [ 26.306360333497846, 44.025144274332554 ], [ 26.30482901478252, 44.026587239269531 ], [ 26.279712297215323, 44.011496991160492 ], [ 26.280282541109941, 44.010254429056388 ], [ 26.252598264541888, 44.001695445536122 ], [ 26.24358830832438, 44.000441241862909 ], [ 26.227213775690416, 43.993838413871821 ], [ 26.191823597943788, 43.983189654825935 ], [ 26.180150474065538, 43.983241389003872 ], [ 26.179719188331287, 43.985051480377798 ], [ 26.158014097795025, 43.9853784532785 ], [ 26.14703049603273, 43.98419860935482 ], [ 26.125114802236723, 43.978120685143956 ], [ 26.11167310560278, 43.972205160509922 ], [ 26.101934205614263, 43.963450908215755 ], [ 26.092852416631171, 43.952687889998657 ], [ 26.095099093393639, 43.95129216418141 ], [ 26.071991113273242, 43.932732876978534 ], [ 26.067028439846784, 43.925704787626131 ], [ 26.059555182661569, 43.919776603366863 ], [ 26.06054246683906, 43.919126942693772 ], [ 26.053483873490872, 43.909830719102743 ], [ 26.042856303544319, 43.900985623980347 ], [ 26.012927130673585, 43.889659593924861 ], [ 26.001297205505143, 43.88363503343129 ], [ 25.99972099761548, 43.885252020958958 ], [ 25.983826000526104, 43.876009623617705 ], [ 25.976618227196937, 43.869968214326235 ], [ 25.959954251996326, 43.863596897159717 ], [ 25.941187447275666, 43.851076737357431 ], [ 25.939916955467709, 43.851827881381027 ], [ 25.918618127762574, 43.82844525799544 ], [ 25.910478796826265, 43.811624249968212 ], [ 25.907934547726995, 43.812850101113526 ], [ 25.887209712652844, 43.795082015685431 ], [ 25.881289533569529, 43.786189437506842 ], [ 25.884355336385021, 43.783464197749453 ], [ 25.854987439112371, 43.760761128299329 ], [ 25.84589144353567, 43.756420056517371 ], [ 25.823772428798325, 43.749845048866966 ], [ 25.821572951933359, 43.751658906112148 ], [ 25.811624413684104, 43.745751213590161 ], [ 25.801349518978196, 43.736638267776193 ], [ 25.792520137443557, 43.720419609348895 ], [ 25.780216369691558, 43.710404628829778 ], [ 25.741772064248877, 43.694911991174124 ], [ 25.725906727498469, 43.691104129358997 ], [ 25.719053313486956, 43.690031828632698 ], [ 25.718147465600591, 43.69163868488922 ], [ 25.679782467226318, 43.691634242871437 ], [ 25.665202070348972, 43.689820844007635 ], [ 25.648851841489133, 43.682479552308294 ], [ 25.640568483615155, 43.677509436947069 ], [ 25.641260367601184, 43.676552740631372 ], [ 25.624256978848422, 43.672461836542617 ], [ 25.610022987002523, 43.667218334960843 ], [ 25.571013895384286, 43.647088416796144 ], [ 25.56061896512162, 43.644262178761998 ], [ 25.545069422143442, 43.64438606027943 ], [ 25.544661114930495, 43.642977448873516 ], [ 25.514504766065969, 43.645130349931428 ], [ 25.513878252705997, 43.646344586403167 ], [ 25.509374062322422, 43.644906797207888 ], [ 25.508325426544214, 43.646848063661537 ], [ 25.476675481413711, 43.640452006001915 ], [ 25.460187555469375, 43.633065772745027 ], [ 25.450543108669137, 43.630389556468216 ], [ 25.450998084620675, 43.628395687026014 ], [ 25.405189299320934, 43.620405976899711 ], [ 25.383305009041958, 43.619499048795468 ], [ 25.373196460134004, 43.6222742046902 ], [ 25.366836012194959, 43.621891184027405 ], [ 25.351224225231395, 43.626562857235449 ], [ 25.339515591608496, 43.631715609248999 ], [ 25.322473550313127, 43.643832090923667 ], [ 25.287705885925067, 43.655893244165718 ], [ 25.288249913978326, 43.657000559789722 ], [ 25.26789641022901, 43.674168606078588 ], [ 25.248513419917572, 43.68378094772082 ], [ 25.227024185540547, 43.687018391253233 ], [ 25.167259860594424, 43.699765462140697 ], [ 25.16733365360329, 43.697483143537802 ], [ 25.143763851176438, 43.692679018749338 ], [ 25.142607977064554, 43.694692519452559 ], [ 25.132683639792365, 43.690152803889049 ], [ 25.111259237795117, 43.683866877797541 ], [ 25.058330036909467, 43.691062497051917 ], [ 25.047235885586502, 43.694589392828199 ], [ 25.036460040356193, 43.703348559043981 ], [ 25.015528202284656, 43.713786249207551 ], [ 25.016766799339671, 43.714833649446433 ], [ 25.007739045626316, 43.724599590367674 ], [ 24.998509539103274, 43.727290019763828 ], [ 24.972206612659424, 43.72802241942356 ], [ 24.959362859584328, 43.729808941045945 ], [ 24.947518922597173, 43.729287731787011 ], [ 24.936008964227067, 43.72504687261565 ], [ 24.93308344075961, 43.723297633372894 ], [ 24.932945391551694, 43.715949289301342 ], [ 24.918063061895658, 43.715236463948493 ], [ 24.882565015538542, 43.707234209140466 ], [ 24.863801931423325, 43.705896478131734 ], [ 24.855828651267419, 43.706770555315153 ], [ 24.830589483523024, 43.713253201741047 ], [ 24.815772455812048, 43.712342398818485 ], [ 24.798455177329693, 43.709260619176547 ], [ 24.79917238899046, 43.707864716843403 ], [ 24.772563725380895, 43.694560839368435 ], [ 24.752518664779174, 43.687083317199317 ], [ 24.734362747843974, 43.685085760709029 ], [ 24.720496790784598, 43.688049203085122 ], [ 24.704815351693878, 43.693776150340241 ], [ 24.678840735190615, 43.708010066317627 ], [ 24.667893796774912, 43.716205615714181 ], [ 24.66921628729704, 43.717351066263873 ], [ 24.653118300325978, 43.725493584598823 ], [ 24.640667934823764, 43.734109836730973 ], [ 24.6230899100592, 43.742383162587224 ], [ 24.577867929490793, 43.753541662458858 ], [ 24.559852692756834, 43.755955803435441 ], [ 24.5592243862868, 43.754840133565054 ], [ 24.524189480090573, 43.759973517764664 ], [ 24.512658523824697, 43.762504271726428 ], [ 24.512919862124029, 43.764848168556938 ], [ 24.498344675361295, 43.761555190571677 ], [ 24.446069206226952, 43.741927983662677 ], [ 24.444432582531139, 43.744547096419865 ], [ 24.44260848826563, 43.744334832718678 ], [ 24.408608864837802, 43.736901322866942 ], [ 24.398746205208742, 43.730306836071421 ], [ 24.394490195878461, 43.725172004428657 ], [ 24.382858529187789, 43.719616566851904 ], [ 24.379264807170742, 43.715802828207721 ], [ 24.381571284291347, 43.712731669951069 ], [ 24.348609981615056, 43.697354413739305 ], [ 24.311002855000321, 43.700363647560934 ], [ 24.255447175291781, 43.691387947377827 ], [ 24.238667799423677, 43.690175285606685 ], [ 24.218944938782222, 43.685538896644125 ], [ 24.198882438453797, 43.684605799071917 ], [ 24.186497292537791, 43.682355037303587 ], [ 24.173357730757768, 43.682612342381091 ], [ 24.158670982188649, 43.685571463552229 ], [ 24.141494430442147, 43.692791801046958 ], [ 24.123596243217914, 43.697307154041397 ], [ 24.086434030956731, 43.702186697677881 ], [ 24.072104711505432, 43.7109301934915 ], [ 24.073395162297807, 43.712369164406098 ], [ 24.069584654885453, 43.715011802188037 ], [ 24.060794099794528, 43.718881730505508 ], [ 24.019666759066002, 43.729138167439352 ], [ 23.988646410552064, 43.739589480887268 ], [ 23.966818920805792, 43.74455580169333 ], [ 23.926439561488607, 43.745036313526015 ], [ 23.863393630090822, 43.755042767266367 ], [ 23.83110571166322, 43.76584053925658 ], [ 23.832168941609019, 43.767486403942812 ], [ 23.810414442961569, 43.775572550953591 ], [ 23.809534640761363, 43.773944353262593 ], [ 23.781718159168591, 43.779699034195296 ], [ 23.76515157510898, 43.785856172453677 ], [ 23.753720459795982, 43.797861229113977 ], [ 23.755445647973055, 43.800098201925536 ], [ 23.700780723952871, 43.804105520618393 ], [ 23.694989734812843, 43.802624350616227 ], [ 23.676107543716057, 43.801746818253903 ], [ 23.641214901848958, 43.793791096430517 ], [ 23.623493282259396, 43.791328299248185 ], [ 23.601513812219036, 43.794817531041105 ], [ 23.593667389559009, 43.79725041460182 ], [ 23.592246325677145, 43.800648543732819 ], [ 23.587047375465577, 43.796446587177648 ], [ 23.581024094464471, 43.797086839637679 ], [ 23.567924555011224, 43.800775056150357 ], [ 23.569529332456788, 43.803425407969542 ], [ 23.543814854505211, 43.811808262818118 ], [ 23.523835127387105, 43.823118995973658 ], [ 23.525591388163321, 43.824607041084377 ], [ 23.520370594875637, 43.828176088428968 ], [ 23.507458364812429, 43.83383105795847 ], [ 23.464328840825875, 43.840089474200923 ], [ 23.436200580794512, 43.850103467771255 ], [ 23.415230455234262, 43.852791434339153 ], [ 23.387685150812672, 43.850458929969363 ], [ 23.37348921321416, 43.847528649092219 ], [ 23.325893446333001, 43.849968364402898 ], [ 23.267784872135849, 43.846807202024998 ], [ 23.238961148508402, 43.83712070455023 ], [ 23.22896368953781, 43.837383992206306 ], [ 23.21292387118481, 43.832994058357897 ], [ 23.130754335013449, 43.805307870304716 ], [ 23.075262317598604, 43.798959088410776 ], [ 23.075220691980114, 43.797384470525223 ], [ 23.053783909620957, 43.795592804964862 ], [ 23.043040641928211, 43.796282627174776 ], [ 23.04380979150115, 43.798149165982338 ], [ 23.034017571195953, 43.800851038351752 ], [ 23.034469056951448, 43.802767242880499 ], [ 23.0075415534195, 43.805537285483396 ], [ 22.985561411053059, 43.809517002796049 ], [ 22.984437180330545, 43.807298036105827 ], [ 22.976307122371576, 43.809933083242029 ], [ 22.975198581064454, 43.808520124535008 ], [ 22.954019147881898, 43.814492512600161 ], [ 22.95279476295736, 43.81319583921325 ], [ 22.947029764368708, 43.817110194473777 ], [ 22.948447450558856, 43.818803979059112 ], [ 22.933953883140742, 43.823549813695713 ], [ 22.906645321070968, 43.825876118066148 ], [ 22.873484403884969, 43.835039191443862 ], [ 22.862891704060626, 43.840905874525156 ], [ 22.852968377849436, 43.850462945434558 ], [ 22.842693327660982, 43.863795822251802 ], [ 22.844289474793584, 43.864390525576823 ], [ 22.841918008562008, 43.872754821697249 ], [ 22.83892126899967, 43.874656114317332 ], [ 22.838284949692842, 43.886686816047721 ], [ 22.847666924657631, 43.904206725437753 ], [ 22.847828754558076, 43.909166346822744 ], [ 22.851003615989821, 43.908881797170167 ], [ 22.862060700103793, 43.923894867984544 ], [ 22.863541345483537, 43.932868358319503 ], [ 22.860247437014159, 43.933769457190714 ], [ 22.868259579111818, 43.947621066975671 ], [ 22.873254863822229, 43.966053742233676 ], [ 22.880434402537592, 43.980701561727777 ], [ 22.878730326576658, 43.981563142686987 ], [ 22.891740563217724, 43.991792501532139 ], [ 22.89336152119532, 43.990617904283596 ], [ 22.909665503096342, 43.994436101820867 ], [ 22.928897286628679, 44.001241994345236 ], [ 22.969755022872487, 44.008513805599975 ], [ 22.970739975444541, 44.005711928816666 ], [ 22.97860696616431, 44.006369854722344 ], [ 23.0040495339301, 44.011107890810678 ], [ 23.010055675999332, 44.01342596738138 ], [ 23.016540784372051, 44.018623618103341 ], [ 23.013898249474796, 44.020564975222229 ], [ 23.027100886052331, 44.031917248799587 ], [ 23.037817715581493, 44.044672469938021 ], [ 23.045658467453158, 44.057894429219552 ], [ 23.044518371159072, 44.06798958889366 ], [ 23.037291600372846, 44.079590923699051 ], [ 23.024351252907731, 44.089356898208365 ], [ 23.013211191008079, 44.093679949863606 ], [ 22.991557503777713, 44.097780339503842 ], [ 22.935977940005145, 44.099758130168858 ], [ 22.925480246333443, 44.102135462951622 ], [ 22.898961290901486, 44.114697828137857 ], [ 22.871015223082807, 44.13312680064336 ], [ 22.840625638255638, 44.146474561455889 ], [ 22.813214648910325, 44.153820292123989 ], [ 22.800711087932001, 44.160501412813481 ], [ 22.782175598987152, 44.17188156075941 ], [ 22.749421443053059, 44.197850605658402 ], [ 22.730534999614285, 44.201761492472258 ], [ 22.694487490010903, 44.204478395824218 ], [ 22.685972382017802, 44.207988419577433 ], [ 22.674858597210395, 44.215483905021316 ] ] } },
{ "type": "Feature", "properties": { "border": "RO.RS" }, "geometry": { "type": "LineString", "coordinates": [ [ 22.674858597210395, 44.215483905021316 ], [ 22.672244536259832, 44.219195543203398 ], [ 22.672099187848822, 44.228822989491299 ], [ 22.682963234008469, 44.247813181381659 ], [ 22.6855819249425, 44.255883453137407 ], [ 22.685166278987985, 44.265484292088196 ], [ 22.678803225685666, 44.278132627103844 ], [ 22.671876433409199, 44.283594287150009 ], [ 22.644954137797907, 44.292531033566732 ], [ 22.636929517581553, 44.293798966125799 ], [ 22.617288746445887, 44.293298538911941 ], [ 22.60520540354478, 44.295519418989073 ], [ 22.57817601073927, 44.30357139786144 ], [ 22.563641796559914, 44.305518307054513 ], [ 22.557884330512397, 44.309084452560469 ], [ 22.547800041023901, 44.322648178723966 ], [ 22.523907312606372, 44.339299756676304 ], [ 22.516640133271824, 44.358358494657516 ], [ 22.503764244362568, 44.380458310073799 ], [ 22.500130596819748, 44.395325248367911 ], [ 22.498890020484371, 44.411253407351346 ], [ 22.501695332731693, 44.417258036760288 ], [ 22.481117941317962, 44.432706288127697 ], [ 22.471846057477283, 44.436779046025748 ], [ 22.465466175149572, 44.443082531942132 ], [ 22.457691650578496, 44.459069677043132 ], [ 22.455997937902065, 44.470032776214801 ], [ 22.460988219352885, 44.477473422463298 ], [ 22.46960078677483, 44.480421314901058 ], [ 22.496499944259224, 44.477571416702382 ], [ 22.516823827948063, 44.471665698176288 ], [ 22.524179084551406, 44.47258001256759 ], [ 22.548216478033748, 44.481675490328755 ], [ 22.555183330464569, 44.489780102000438 ], [ 22.560375538397196, 44.505163773446817 ], [ 22.560448495112656, 44.520491847100864 ], [ 22.562902928248924, 44.533141398681202 ], [ 22.572509882131627, 44.543493119703548 ], [ 22.585895354152626, 44.550370865809512 ], [ 22.604504926637212, 44.552288599186419 ], [ 22.615284430407332, 44.552429036291507 ], [ 22.623462158185816, 44.550943605780766 ], [ 22.634732158132724, 44.546139350838878 ], [ 22.642753554672694, 44.544509406835537 ], [ 22.654712923130166, 44.535946119588118 ], [ 22.680856156057246, 44.521511982509701 ], [ 22.695931400829032, 44.5165864517081 ], [ 22.711426941637527, 44.519480494732001 ], [ 22.758965001124974, 44.536712942038264 ], [ 22.76368669972484, 44.541943517868852 ], [ 22.761696118926558, 44.554213860039539 ], [ 22.748462923812134, 44.569815725606432 ], [ 22.710141465234489, 44.601384901402767 ], [ 22.706045843387816, 44.603354815153288 ], [ 22.685966176016517, 44.606983519208946 ], [ 22.681346862061115, 44.610212866523931 ], [ 22.677021419292828, 44.617525927610522 ], [ 22.6686700181288, 44.619261358773592 ], [ 22.636707788536562, 44.614390271416895 ], [ 22.621713034756329, 44.614644299357401 ], [ 22.570988759163779, 44.635587305620135 ], [ 22.564598545066122, 44.641201780986414 ], [ 22.562637572593875, 44.64790191346929 ], [ 22.557500317879391, 44.649798250622041 ], [ 22.544306880939061, 44.661079427546518 ], [ 22.538002868527307, 44.663669661518078 ], [ 22.524091568948567, 44.676220189302768 ], [ 22.514597982369288, 44.681898845434183 ], [ 22.507677699984264, 44.691045375377527 ], [ 22.47924989462069, 44.709624571372082 ], [ 22.463899323879097, 44.714763037055441 ], [ 22.429968752021971, 44.710017278859851 ], [ 22.420928950033083, 44.706202857306636 ], [ 22.398425293280763, 44.684614258864038 ], [ 22.383730146874687, 44.676264197742825 ], [ 22.367923871156087, 44.672260104771496 ], [ 22.357259699160576, 44.672665036578422 ], [ 22.339237921048312, 44.676513223394153 ], [ 22.329994263743732, 44.674334054068659 ], [ 22.304335449757868, 44.654433591461206 ], [ 22.299919189463804, 44.638658120652117 ], [ 22.274392608130974, 44.62542790175587 ], [ 22.272296535125903, 44.61291902823411 ], [ 22.264507325054755, 44.596209129661098 ], [ 22.241198947848225, 44.570798358997202 ], [ 22.23023580513259, 44.561378607164265 ], [ 22.207442427065182, 44.52354432394975 ], [ 22.193672957824344, 44.507285724466882 ], [ 22.18993998725874, 44.498192610972836 ], [ 22.192343713583416, 44.496179456346667 ], [ 22.187265397260241, 44.484948909921926 ], [ 22.183105720324974, 44.481004417915024 ], [ 22.173076917751004, 44.475919370516579 ], [ 22.145460250653208, 44.4727065955108 ], [ 22.137115550779008, 44.472958309554137 ], [ 22.128114049704362, 44.475245383941932 ], [ 22.103077610266187, 44.488468445802951 ], [ 22.076250192712493, 44.505273371471269 ], [ 22.073459101722019, 44.512815959637045 ], [ 22.07383696991602, 44.519977315851953 ], [ 22.068111963214534, 44.5287017033246 ], [ 22.037939421794551, 44.545990245043825 ], [ 22.026626856029758, 44.567610770681789 ], [ 22.026291130902624, 44.591175854877797 ], [ 22.024811045468184, 44.593785563415913 ], [ 22.004370627870031, 44.608001958939617 ], [ 21.999600208753566, 44.626713730024655 ], [ 21.997133831424218, 44.630104809570021 ], [ 21.991645478868641, 44.633159131703302 ], [ 21.981043396759095, 44.634123833317972 ], [ 21.971353488429365, 44.633084092612989 ], [ 21.950765897672248, 44.635115760478705 ], [ 21.917422950331048, 44.647440661550107 ], [ 21.891544827996551, 44.645090393831026 ], [ 21.842201571660073, 44.654337463688471 ], [ 21.825360504041054, 44.650587916039896 ], [ 21.814594818454999, 44.650619580750337 ], [ 21.808166426994738, 44.652903991745845 ], [ 21.797531523122295, 44.662499103105773 ], [ 21.791363605319667, 44.664045118082313 ], [ 21.728784930098666, 44.653499071291641 ], [ 21.716155379640824, 44.654467852873282 ], [ 21.696512337288684, 44.663708040854381 ], [ 21.689045642708656, 44.665265919759953 ], [ 21.675717744973699, 44.664959542338174 ], [ 21.652544881677375, 44.66036276604077 ], [ 21.637849794684094, 44.659592714762091 ], [ 21.622716179435795, 44.666314274048936 ], [ 21.617973559345184, 44.671942255609743 ], [ 21.611609684097058, 44.686276273608421 ], [ 21.611019003330021, 44.701234551184982 ], [ 21.615357442646641, 44.714421057865188 ], [ 21.61126266950345, 44.72687203410613 ], [ 21.596447992613744, 44.749652610378917 ], [ 21.5861203061467, 44.759320186127582 ], [ 21.560090278284754, 44.768145118980172 ], [ 21.536934376855989, 44.772646717983278 ], [ 21.504250146515481, 44.771149308233618 ], [ 21.459840664786228, 44.776934337356614 ], [ 21.418953346687161, 44.77353290109545 ], [ 21.403365935417231, 44.776569754305221 ], [ 21.393717925064951, 44.781418511369537 ], [ 21.389897776493967, 44.787158831748954 ], [ 21.387855023915254, 44.797694106601703 ], [ 21.382269004946156, 44.809215004540839 ], [ 21.376471252323551, 44.815272988642221 ], [ 21.358262571231744, 44.821701350333591 ], [ 21.356403709012735, 44.827138283335621 ], [ 21.364223471099884, 44.829218487307806 ], [ 21.362820111105123, 44.832349327723755 ], [ 21.35657706183073, 44.831609726919098 ], [ 21.355663598432447, 44.832983093194777 ], [ 21.358968082930357, 44.834082607206305 ], [ 21.360054884278295, 44.836726907814132 ], [ 21.356974431307897, 44.835493101246541 ], [ 21.352965651048819, 44.840560863223814 ], [ 21.354614764502124, 44.841644858688582 ], [ 21.361364037046425, 44.84039525638407 ], [ 21.361805938348716, 44.843650257541263 ], [ 21.357950569345711, 44.844388213969573 ], [ 21.357431385969349, 44.846533487466303 ], [ 21.359775627591091, 44.847977942016129 ], [ 21.357637356304433, 44.850190524738302 ], [ 21.360281957798371, 44.851932075679549 ], [ 21.366923958565703, 44.864565956916124 ], [ 21.372086248727307, 44.866894836768559 ], [ 21.38406644766572, 44.865328581093351 ], [ 21.387976701267021, 44.869770269252491 ], [ 21.39575539564246, 44.86663241704796 ], [ 21.400007804987968, 44.868199712793988 ], [ 21.406036608131195, 44.866431532746944 ], [ 21.406805564890533, 44.86931898008671 ], [ 21.412935199062733, 44.869127807911717 ], [ 21.417976888338838, 44.87334896434912 ], [ 21.421219180145432, 44.871166182044057 ], [ 21.426844601502111, 44.871258133880843 ], [ 21.431648023625272, 44.868224600969057 ], [ 21.435453346875757, 44.871056675651168 ], [ 21.441982180031083, 44.866464707306122 ], [ 21.444386430389077, 44.867554742805879 ], [ 21.441125034864442, 44.869997077693199 ], [ 21.446906047860438, 44.874023722514075 ], [ 21.450685363528613, 44.870156153493369 ], [ 21.45201252344026, 44.873204675124029 ], [ 21.454151292134938, 44.873652247138011 ], [ 21.463252128273574, 44.867484839405499 ], [ 21.471055009966282, 44.871261400711866 ], [ 21.476096135358208, 44.868457200363785 ], [ 21.479551385700479, 44.870910626933536 ], [ 21.485464317903642, 44.868158116864684 ], [ 21.488503137060327, 44.871610125146233 ], [ 21.499042963282264, 44.872409538160788 ], [ 21.506804566089027, 44.876230206808032 ], [ 21.510765585906871, 44.880041988727577 ], [ 21.532654838295496, 44.882491995037334 ], [ 21.560126531827141, 44.889004237103428 ], [ 21.55694865156276, 44.903954571017579 ], [ 21.558178950956361, 44.906624314921807 ], [ 21.550194665849716, 44.917402287782011 ], [ 21.550642768916298, 44.920270553227574 ], [ 21.553058930939464, 44.921323813926108 ], [ 21.552698558280674, 44.92388423442285 ], [ 21.54716128281315, 44.927511048808164 ], [ 21.546681260401282, 44.930524762929757 ], [ 21.527614417261148, 44.939256895827995 ], [ 21.519744141996078, 44.937983388743582 ], [ 21.469255220889195, 44.958458887533354 ], [ 21.445506358687407, 44.962199906843736 ], [ 21.438174625892827, 44.960558848152886 ], [ 21.406757234073517, 44.978513874593467 ], [ 21.414746907524112, 44.98678684925455 ], [ 21.40506187473207, 44.98980364948806 ], [ 21.406613768744084, 44.99244464857582 ], [ 21.388438911374145, 44.99805736584144 ], [ 21.382973225861306, 45.001832956205249 ], [ 21.38684322500859, 45.004398135097908 ], [ 21.37828109986647, 45.008211985946915 ], [ 21.377041643959053, 45.006723006262796 ], [ 21.360240817636932, 45.020377385299795 ], [ 21.361301107852832, 45.021528786117955 ], [ 21.362577838967226, 45.020639389322909 ], [ 21.368352051798496, 45.025620481469929 ], [ 21.372391703526798, 45.025742504732058 ], [ 21.374019683756821, 45.028051336470043 ], [ 21.37657267701006, 45.027958519582967 ], [ 21.376918173164672, 45.026726315761941 ], [ 21.379446080226224, 45.028481459896327 ], [ 21.382544361085898, 45.025587967596813 ], [ 21.382006470936545, 45.02685050425665 ], [ 21.38506100680868, 45.028639556764261 ], [ 21.387947848454356, 45.027910350595377 ], [ 21.388573225829624, 45.029242640877584 ], [ 21.390832914769156, 45.026997682985403 ], [ 21.393028345579321, 45.027155842454874 ], [ 21.395133200025946, 45.028495359622895 ], [ 21.394275617199305, 45.03014387429986 ], [ 21.398034870424791, 45.029501367530365 ], [ 21.39709234786611, 45.031461638784627 ], [ 21.400975879716391, 45.030230401705587 ], [ 21.405820248911549, 45.036975166358062 ], [ 21.409672966764191, 45.035681684564906 ], [ 21.42074706405149, 45.036521358793564 ], [ 21.422939906649528, 45.03236281613227 ], [ 21.426311690052657, 45.035389058612424 ], [ 21.456120030581257, 45.040431700851215 ], [ 21.45019042266777, 45.052099369188554 ], [ 21.447421187295578, 45.052712933167541 ], [ 21.447611984859943, 45.057509911439439 ], [ 21.450821800063263, 45.058807026367049 ], [ 21.450678242177197, 45.061104686366981 ], [ 21.4552558786121, 45.063136094902148 ], [ 21.459426382116298, 45.071952267495099 ], [ 21.46492754051113, 45.074765903475104 ], [ 21.475069311004166, 45.08652038958347 ], [ 21.483284371682597, 45.091302259172082 ], [ 21.481049092096768, 45.09542784089421 ], [ 21.469753346871098, 45.104678017373892 ], [ 21.471575561696287, 45.109960676423441 ], [ 21.47463986376647, 45.111719669946432 ], [ 21.47777252827688, 45.117061463369367 ], [ 21.478416380277114, 45.121248338439486 ], [ 21.48689585408237, 45.125352489282328 ], [ 21.491494396467839, 45.124494297674367 ], [ 21.498641963697683, 45.125462222359467 ], [ 21.527477395136508, 45.137924925798316 ], [ 21.528904678069278, 45.147368081379263 ], [ 21.518520142409677, 45.166324410604673 ], [ 21.513657570847847, 45.170852592902627 ], [ 21.508227572956759, 45.170238770956381 ], [ 21.493237244082287, 45.173191947338594 ], [ 21.482893219439216, 45.192080785374188 ], [ 21.438798156991336, 45.20280349348203 ], [ 21.431145631519662, 45.212852361581604 ], [ 21.418511006251169, 45.217782124464698 ], [ 21.415159519037974, 45.22088230691314 ], [ 21.412249765060245, 45.221019222559065 ], [ 21.410896730046652, 45.224819307699178 ], [ 21.403474937601896, 45.229245840732609 ], [ 21.395359540799298, 45.218786114478995 ], [ 21.369732576480388, 45.226054653245804 ], [ 21.360122291108443, 45.222073594937925 ], [ 21.343839980929335, 45.23181484013422 ], [ 21.33792064276653, 45.233306714739022 ], [ 21.339438014015965, 45.235837915824973 ], [ 21.3338726794703, 45.23654793849861 ], [ 21.332611245372103, 45.234542610538711 ], [ 21.325567787668373, 45.236298316849172 ], [ 21.325853183041005, 45.23946622552014 ], [ 21.320932183257799, 45.240038514075401 ], [ 21.32015299171081, 45.23733606247815 ], [ 21.292329382541368, 45.242270128349176 ], [ 21.275202629265589, 45.229444851853138 ], [ 21.251221093901989, 45.243067471840689 ], [ 21.223411181673235, 45.252982363238978 ], [ 21.218579615962696, 45.250548547106803 ], [ 21.202497085511869, 45.265193228969238 ], [ 21.208551667964748, 45.275083471676112 ], [ 21.196631979782325, 45.282057842496343 ], [ 21.191096911158521, 45.287207328926968 ], [ 21.189443837674972, 45.293855322136217 ], [ 21.179706868719414, 45.311715635306058 ], [ 21.179602512007854, 45.313634813237819 ], [ 21.183356328896522, 45.316303614482095 ], [ 21.180765112558916, 45.318662537968905 ], [ 21.183315884126912, 45.32094412823384 ], [ 21.175302564087119, 45.325251210421577 ], [ 21.166122957227294, 45.319586807260698 ], [ 21.161619825289826, 45.325135786909584 ], [ 21.149568112299271, 45.315907700119865 ], [ 21.154189639480553, 45.31237939921666 ], [ 21.144507622807158, 45.304794201468617 ], [ 21.127973721975707, 45.304650677251203 ], [ 21.109709508862181, 45.300716418726545 ], [ 21.096594362864387, 45.295861035276836 ], [ 21.080993082687549, 45.317795116952077 ], [ 21.070937343192021, 45.314044561851063 ], [ 21.071105807852511, 45.315160092000909 ], [ 21.06120045754394, 45.315880889961242 ], [ 21.063447060223773, 45.3319371681972 ], [ 21.0165407351471, 45.324611953503783 ], [ 21.009892533765697, 45.341272785031137 ], [ 20.999574938152936, 45.34163107825708 ], [ 20.996121499390409, 45.343219797426002 ], [ 20.981662725299163, 45.357265877455355 ], [ 20.969263855103051, 45.363938390771537 ], [ 20.960319543853277, 45.366766798301185 ], [ 20.950844735544511, 45.374813429914838 ], [ 20.948335002627307, 45.385579964425858 ], [ 20.946065774851672, 45.383707676411738 ], [ 20.942117099903431, 45.386428761505314 ], [ 20.931229912786335, 45.386768031446557 ], [ 20.930059979078468, 45.392311499478716 ], [ 20.935554902166814, 45.392810390295786 ], [ 20.931399482238035, 45.40202655598511 ], [ 20.928182429291788, 45.401985103213107 ], [ 20.928012675466196, 45.404737978753985 ], [ 20.923968053282444, 45.407239652349659 ], [ 20.920267315902908, 45.417215420854916 ], [ 20.900497373785765, 45.416869464867112 ], [ 20.875136172820525, 45.425909889114088 ], [ 20.864700979316581, 45.431765602410884 ], [ 20.869562104336929, 45.432956112666538 ], [ 20.866210081512207, 45.434438851895962 ], [ 20.866263815957666, 45.43603977387972 ], [ 20.87527311320509, 45.438614933891785 ], [ 20.872211560260155, 45.446048974603876 ], [ 20.881067770930507, 45.446165100838279 ], [ 20.87755735576188, 45.450168920017383 ], [ 20.878771988061811, 45.454632534121515 ], [ 20.870442521790562, 45.455831035463142 ], [ 20.872356783900553, 45.456977268453457 ], [ 20.871242064045045, 45.459815345682017 ], [ 20.866126543305068, 45.465241900006852 ], [ 20.861210946330747, 45.465168522959424 ], [ 20.832975246895398, 45.47995596862156 ], [ 20.771079898296904, 45.479910444698902 ], [ 20.771103540724688, 45.488074191639861 ], [ 20.777006948632899, 45.490471424926973 ], [ 20.768738493299409, 45.500208845990059 ], [ 20.807092540276024, 45.51579422583054 ], [ 20.828109039849902, 45.533974867084886 ], [ 20.832749042930512, 45.535843661004598 ], [ 20.81954529746621, 45.550369600437492 ], [ 20.823196655023992, 45.551862810172068 ], [ 20.811276749367142, 45.565820857780587 ], [ 20.813448055740785, 45.568043196277486 ], [ 20.795301610729705, 45.587620630403173 ], [ 20.772018351640217, 45.582821056863651 ], [ 20.765753120649986, 45.61259911721713 ], [ 20.779448000150872, 45.622608232787179 ], [ 20.788827539574648, 45.6455386405311 ], [ 20.80497784300281, 45.657207298757207 ], [ 20.800052119645454, 45.671603900947581 ], [ 20.803034091770829, 45.68199862816185 ], [ 20.796147465530556, 45.687040965744487 ], [ 20.80244321380696, 45.699848705603493 ], [ 20.798780126111261, 45.702182745068015 ], [ 20.801071014364091, 45.701929793791138 ], [ 20.802594125190367, 45.737790092138489 ], [ 20.808130915008274, 45.748412954503941 ], [ 20.81596668986893, 45.749256713510356 ], [ 20.823063064869089, 45.775083063200938 ], [ 20.783558112601213, 45.785869256514324 ], [ 20.774102872105225, 45.754514611650315 ], [ 20.732710725292719, 45.755805865088007 ], [ 20.717921599547157, 45.751944173868949 ], [ 20.718046319210977, 45.749663921077392 ], [ 20.707489793224081, 45.751283352266327 ], [ 20.700264006644161, 45.750680461179677 ], [ 20.696851347824957, 45.760508908076993 ], [ 20.692952029030327, 45.75982083942862 ], [ 20.690711934830887, 45.76628923375165 ], [ 20.694653534096176, 45.766924438331749 ], [ 20.681375806877075, 45.797303757775133 ], [ 20.662834994014464, 45.794149668643264 ], [ 20.657082448529248, 45.808025007973576 ], [ 20.654934757713633, 45.807373997063642 ], [ 20.650609957975561, 45.811628015377181 ], [ 20.66036752027604, 45.829145136557628 ], [ 20.611745282712519, 45.863910775670774 ], [ 20.598911169323483, 45.861646448733133 ], [ 20.594425463851746, 45.871640046132249 ], [ 20.581501519294484, 45.869398775030859 ], [ 20.575236753073479, 45.878738196857498 ], [ 20.576824255923931, 45.879324003656365 ], [ 20.574584363372036, 45.883972894230148 ], [ 20.578755142398609, 45.884961079826205 ], [ 20.569329887683537, 45.91010175851784 ], [ 20.546510697120571, 45.905906295801692 ], [ 20.549586831445964, 45.899912137147453 ], [ 20.515808357826774, 45.892095850921592 ], [ 20.501765982741194, 45.910651496112628 ], [ 20.482919395851052, 45.953415448855289 ], [ 20.447282093254781, 45.970220208067914 ], [ 20.405466772454158, 45.965236968989942 ], [ 20.348373717317067, 45.999571698022507 ], [ 20.353119349861636, 45.999622314672685 ], [ 20.352388324704243, 46.00388983792611 ], [ 20.357705281976187, 46.005842812553645 ], [ 20.340622807835139, 46.036261578956889 ], [ 20.339306076417106, 46.041410791210737 ], [ 20.343199383360272, 46.047196507587692 ], [ 20.345868957367085, 46.047417301878362 ], [ 20.309278050163719, 46.072087220284594 ], [ 20.311275778092654, 46.073625470205954 ], [ 20.304588113995479, 46.080972732514176 ], [ 20.302205269200627, 46.086598865358987 ], [ 20.273215578231142, 46.098302544992301 ], [ 20.265076151403576, 46.11010515891779 ], [ 20.267037018935532, 46.112239780052668 ], [ 20.275365833353657, 46.112582474118099 ], [ 20.283073206703719, 46.117731684461781 ], [ 20.278742523992243, 46.118145911647126 ], [ 20.270705381007616, 46.116102629585377 ], [ 20.264430749268772, 46.117983511329257 ], [ 20.261985410471929, 46.121672686935121 ], [ 20.265424285966262, 46.125067560348775 ], [ 20.264275049735193, 46.126333073886435 ] ] } },
{ "type": "Feature", "properties": { "border": "RO.UA" }, "geometry": { "type": "LineString", "coordinates": [ [ 28.210800162494618, 45.46717808423125 ], [ 28.223246213513061, 45.465902699915247 ], [ 28.258228619371152, 45.456952983036444 ], [ 28.268000441167672, 45.453271961634563 ], [ 28.279541355023131, 45.444777820250756 ], [ 28.286880073418374, 45.43249814971211 ], [ 28.284007512060384, 45.40552121595352 ], [ 28.285459265482114, 45.399849685716951 ], [ 28.304511926848406, 45.375894585468657 ], [ 28.326489103814595, 45.341863238604176 ], [ 28.339447334795675, 45.327550719567846 ], [ 28.349957764859877, 45.319911885025448 ], [ 28.444917097666291, 45.289508343507563 ], [ 28.46691452791875, 45.284228033292791 ], [ 28.510207164616656, 45.268833280056249 ], [ 28.53237573533686, 45.262459890584111 ], [ 28.561011280499681, 45.249597152994035 ], [ 28.599913030816342, 45.245755615461981 ], [ 28.632846108466723, 45.244518786537071 ], [ 28.672285210777972, 45.236452709997195 ], [ 28.696718264411835, 45.226316333174957 ], [ 28.710428579853566, 45.223999525581107 ], [ 28.718925130781201, 45.22435484673094 ], [ 28.731376104478617, 45.227846492223804 ], [ 28.74359381124864, 45.233353671029235 ], [ 28.781640055822034, 45.237673323039864 ], [ 28.788483950387718, 45.239653570645196 ], [ 28.792155363035508, 45.242805501526234 ], [ 28.79218105256378, 45.249595887079288 ], [ 28.787230950914445, 45.253593712275389 ], [ 28.78133835961123, 45.257222197685053 ], [ 28.770717205314003, 45.25983391303118 ], [ 28.7621721486612, 45.26559871416147 ], [ 28.75247562559446, 45.279002097358195 ], [ 28.751914678935741, 45.284561475562647 ], [ 28.756920815044026, 45.289347750426771 ], [ 28.762787933760698, 45.291069776663491 ], [ 28.781267044823203, 45.290663496440743 ], [ 28.79051354548918, 45.291904704075797 ], [ 28.801449933384966, 45.300864133870583 ], [ 28.805152945044171, 45.30666584054098 ], [ 28.804908800704528, 45.311287862275847 ], [ 28.780436638880783, 45.323216489765514 ], [ 28.782491307995283, 45.328372790031509 ], [ 28.793981303259326, 45.333649620504104 ], [ 28.802587666146604, 45.335933804873861 ], [ 28.817332081542919, 45.336068705559903 ], [ 28.824019588379763, 45.333097230819313 ], [ 28.833328022470788, 45.324306682747654 ], [ 28.84512831560285, 45.318077860489907 ], [ 28.855038498384989, 45.316282235782552 ], [ 28.867417507508499, 45.317354674267193 ], [ 28.873513427893648, 45.316200958507437 ], [ 28.898864489102976, 45.296946134332451 ], [ 28.914002827435606, 45.287731570712445 ], [ 28.932368754210184, 45.280767478473706 ], [ 28.942592910009008, 45.28061050323771 ], [ 28.948838697679381, 45.282998194684268 ], [ 28.952640760940742, 45.287255103539977 ], [ 28.95492831934645, 45.29428581738695 ], [ 28.954128233183873, 45.298601495533248 ], [ 28.948352619935381, 45.309116310240832 ], [ 28.959663843903503, 45.326741471472175 ], [ 28.964973615821332, 45.332053610622758 ], [ 28.985937047239887, 45.33233089326631 ], [ 28.996473322282139, 45.336265621181632 ], [ 29.007291560819123, 45.344054203285829 ], [ 29.028993579273529, 45.351713165597218 ], [ 29.043941866381815, 45.360752959687964 ], [ 29.056894169960071, 45.359619805869627 ], [ 29.075496856964612, 45.367526386920474 ], [ 29.084344719087859, 45.373863426434106 ], [ 29.106445261470025, 45.374769180675742 ], [ 29.119157185685051, 45.381254157932283 ], [ 29.138629884622411, 45.385171315420479 ], [ 29.169017851596397, 45.395095848693472 ], [ 29.180921039647938, 45.40219912678004 ], [ 29.183903675291642, 45.409669600943573 ], [ 29.187422202648175, 45.412431829741323 ], [ 29.197783633922025, 45.41588498430032 ], [ 29.215932782940886, 45.419162210101753 ], [ 29.22571352434738, 45.423510379365112 ], [ 29.236779130891282, 45.432032750447021 ], [ 29.242572207919945, 45.434356842545014 ], [ 29.250354956649126, 45.435099516044389 ], [ 29.269853670196134, 45.427831093344999 ], [ 29.285777987788414, 45.42642329690112 ], [ 29.298974109943142, 45.430199217460398 ], [ 29.317984625445575, 45.445854471941843 ], [ 29.322106447963247, 45.447478878791834 ], [ 29.329545719694064, 45.447673727165679 ], [ 29.335930976806218, 45.445844835470794 ], [ 29.347333162771736, 45.439248513544946 ], [ 29.358100084692946, 45.436954441300259 ], [ 29.373936585827941, 45.437944511580078 ], [ 29.380838728707289, 45.439713569469411 ], [ 29.39014224336589, 45.436470430949413 ], [ 29.398031730413329, 45.436464386348483 ], [ 29.414043169540083, 45.441589207818964 ], [ 29.430002099771617, 45.442669326664777 ], [ 29.43921905558911, 45.434089877909209 ], [ 29.459792559361066, 45.429324973981743 ], [ 29.474655879671079, 45.422964412011211 ], [ 29.538256530483945, 45.411645314675567 ], [ 29.564115090397248, 45.402402709417153 ], [ 29.593200094930147, 45.387624581209288 ], [ 29.630102031829018, 45.354338617147597 ], [ 29.651132621840517, 45.339765581022924 ], [ 29.669021553332062, 45.308419182351763 ], [ 29.669804723996741, 45.295881107983355 ], [ 29.677195113116742, 45.276927552340517 ], [ 29.677786275645186, 45.269250591437199 ], [ 29.663990787823909, 45.260028694615627 ], [ 29.659763763653917, 45.247867573669559 ], [ 29.670768251464082, 45.220595431973358 ], [ 29.680297246440503, 45.210199267915179 ], [ 29.682032806645839, 45.205833886656556 ] ] } }
]
}
