{
"type": "FeatureCollection",
"name": "hospitals",
"crs": { "type": "name", "properties": { "name": "urn:ogc:def:crs:OGC:1.3:CRS84" } },
"features": [
{ "type": "Feature", "properties": { "nume": "CENTRUL MEDICAL DE DIAGNOSTIC,TRATAMENT AMBULATORIU SI MEDICINA PREVENTIVĂ - BUCUREȘTI", "judet": "București", "city": null }, "geometry": { "type": "Point", "coordinates": [ 26.0906056, 44.4553772 ] } },
{ "type": "Feature", "properties": { "nume": "INSTITUTUL DE PNEUMOFTIZIOLOGIE \"MARIUS NASTA\"", "judet": "București", "city": "Municipiul București" }, "geometry": { "type": "Point", "coordinates": [ 26.09233, 44.407381 ] } },
{ "type": "Feature", "properties": { "nume": "SOCIETATEA LOTUS-MED SRL", "judet": "București", "city": "Municipiul București" }, "geometry": { "type": "Point", "coordinates": [ 26.0756458, 44.4657599 ] } },
{ "type": "Feature", "properties": { "nume": "SOCIETATEA CMI DR PLETEA NOEMI SRL", "judet": "Bacău", "city": "Bacău" }, "geometry": { "type": "Point", "coordinates": [ 26.919269, 46.556024 ] } },
{ "type": "Feature", "properties": { "nume": "ARCADIA HOSPITAL SRL", "judet": "Iași", "city": "Iași" }, "geometry": { "type": "Point", "coordinates": [ 27.5607382, 47.1567958 ] } },
{ "type": "Feature", "properties": { "nume": "S.C. MEDSTAR 2000 Clinic S.R.L", "judet": "Constanța", "city": "Constanța" }, "geometry": { "type": "Point", "coordinates": [ 28.6455662, 44.2028797 ] } },
{ "type": "Feature", "properties": { "nume": "SOCIETATEA MERCADO IMPEX SRL", "judet": "Tulcea", "city": null }, "geometry": { "type": "Point", "coordinates": [ 28.799003, 45.175022 ] } },
{ "type": "Feature", "properties": { "nume": "SPITAL ORĂŞENESC LEHLIU-GARĂ", "judet": "Călărași", "city": "Lehliu-Gară" }, "geometry": { "type": "Point", "coordinates": [ 26.8527742, 44.4422477 ] } },
{ "type": "Feature", "properties": { "nume": "S.C.CENTRUL MEDICAL GALAXY MED S.R.L.", "judet": "Dolj", "city": "Craiova" }, "geometry": { "type": "Point", "coordinates": [ 23.7892495, 44.3158454 ] } },
{ "type": "Feature", "properties": { "nume": "VICTORIA MEDICAL CENTER SRL", "judet": "București", "city": "Municipiul București" }, "geometry": { "type": "Point", "coordinates": [ 26.080367, 44.453395 ] } },
{ "type": "Feature", "properties": { "nume": "INSTITUTUL DE BOLI CARDIOVASCULARE \"PROF. DR. GEORGE I.M. GEORGESCU\" IAŞI", "judet": "Iași", "city": "Iași" }, "geometry": { "type": "Point", "coordinates": [ 27.5761, 47.17 ] } },
{ "type": "Feature", "properties": { "nume": "SOCIETATEA RALMED CENTRU MEDICAL SRL", "judet": "Mureș", "city": "Sighișoara" }, "geometry": { "type": "Point", "coordinates": [ 24.8072467, 46.2346898 ] } },
{ "type": "Feature", "properties": { "nume": "MEDLIFE SA BUCURESTI SUCURSALA TIMISOARA", "judet": "Timiș", "city": "Timișoara" }, "geometry": { "type": "Point", "coordinates": [ 21.2462415, 45.748782 ] } },
{ "type": "Feature", "properties": { "nume": "SPITAL ORĂȘENESC BARAOLT", "judet": "Covasna", "city": "Baraolt" }, "geometry": { "type": "Point", "coordinates": [ 25.5887193, 46.0715002 ] } },
{ "type": "Feature", "properties": { "nume": "SOCIETATEA DAFNE MED SRL - SPITAL DE ZI", "judet": "Bihor", "city": "Salonta" }, "geometry": { "type": "Point", "coordinates": [ 21.6548256, 46.8013397 ] } },
{ "type": "Feature", "properties": { "nume": "MEDLIFE SA", "judet": "Iași", "city": "Iași" }, "geometry": { "type": "Point", "coordinates": [ 26.0543338, 44.4651559 ] } },
{ "type": "Feature", "properties": { "nume": "SPITALUL JUDEŢEAN DE URGENŢĂ ZALĂU", "judet": "Sălaj", "city": "Zalău" }, "geometry": { "type": "Point", "coordinates": [ 23.0451891, 47.199091 ] } },
{ "type": "Feature", "properties": { "nume": "SOCIETATEA RECHINUL IMPEX SRL", "judet": "Cluj", "city": "Cluj-Napoca" }, "geometry": { "type": "Point", "coordinates": [ 23.5748523, 46.7403477 ] } },
{ "type": "Feature", "properties": { "nume": "SOCIETATEA POLIMED DACIA SRL", "judet": "Brașov", "city": "Brașov" }, "geometry": { "type": "Point", "coordinates": [ 25.597089, 45.6502089 ] } },
{ "type": "Feature", "properties": { "nume": "SPITALUL MUNICIPAL VATRA DORNEI", "judet": "Suceava", "city": "Vatra Dornei" }, "geometry": { "type": "Point", "coordinates": [ 25.3582694, 47.3479096 ] } },
{ "type": "Feature", "properties": { "nume": "SOCIETATEA ACTAMEDICA SRL - STRUCTURA SPITALIZARE DE ZI", "judet": "Mureș", "city": "Târgu Mureș" }, "geometry": { "type": "Point", "coordinates": [ 24.5819738, 46.545594 ] } },
{ "type": "Feature", "properties": { "nume": "THEO'S MEDICAL CLINIC", "judet": "Neamț", "city": "Roman" }, "geometry": { "type": "Point", "coordinates": [ 26.922853, 46.9195103 ] } },
{ "type": "Feature", "properties": { "nume": "SPITALUL CLINIC DE URGENȚĂ ,,AVRAM IANCU” ORADEA", "judet": "Bihor", "city": "Oradea" }, "geometry": { "type": "Point", "coordinates": [ 21.9362465, 47.0607582 ] } },
{ "type": "Feature", "properties": { "nume": "SOCIETATEA CIVICA MED SRL", "judet": "Constanța", "city": "Constanța" }, "geometry": { "type": "Point", "coordinates": [ 28.6161465, 44.1712186 ] } },
{ "type": "Feature", "properties": { "nume": "SOCIETATEA BROTAC MEDICAL CENTER SRL - punct de lucru OLTENITA", "judet": "Călărași", "city": "Oltenița" }, "geometry": { "type": "Point", "coordinates": [ 26.125498, 44.427135 ] } },
{ "type": "Feature", "properties": { "nume": "SPITALUL CLINIC DE URGENŢĂ PENTRU COPII \"SF. IOAN\" GALAŢI", "judet": "Galați", "city": "Galați" }, "geometry": { "type": "Point", "coordinates": [ 28.0237761, 45.4313788 ] } },
{ "type": "Feature", "properties": { "nume": "INSTITUTUL NAȚIONAL DE BOLI INFECȚIOASE PROF. DR. MATEI BALȘ, BUCUREȘTI", "judet": "București", "city": "Municipiul București" }, "geometry": { "type": "Point", "coordinates": [ 26.1152856, 44.4531849 ] } },
{ "type": "Feature", "properties": { "nume": "SPITALUL TICHILESTI", "judet": "Tulcea", "city": "Isaccea" }, "geometry": { "type": "Point", "coordinates": [ 28.3577388, 45.2633967 ] } },
{ "type": "Feature", "properties": { "nume": "SOCIETATEA MEDICAL CENTER GRAL SRL", "judet": "Prahova", "city": "Ploiești" }, "geometry": { "type": "Point", "coordinates": [ 26.019309, 44.941234 ] } },
{ "type": "Feature", "properties": { "nume": "SPITALUL JUDEȚEAN DE URGENȚĂ ALBA IULIA", "judet": "Alba", "city": "Alba Iulia" }, "geometry": { "type": "Point", "coordinates": [ 23.557142, 46.070886 ] } },
{ "type": "Feature", "properties": { "nume": "SOCIETATEA CLINICA SANTE VIE SRL", "judet": "Brașov", "city": "Brașov" }, "geometry": { "type": "Point", "coordinates": [ 25.6198926, 45.6379292 ] } },
{ "type": "Feature", "properties": { "nume": "SOCIETATEA CENTRUL MEDICAL MEDIURG S.R.L - SPITALUL PRIVAT DE RECUPERARE \"SFÂNTUL ANTON\"", "judet": "Prahova", "city": "Păuleștii Noi" }, "geometry": { "type": "Point", "coordinates": [ 25.9794694, 44.9933904 ] } },
{ "type": "Feature", "properties": { "nume": "ISIS MEDICAL CENTER S.R.L.", "judet": "Constanța", "city": "Constanța" }, "geometry": { "type": "Point", "coordinates": [ 28.6510007, 44.1821674 ] } },
{ "type": "Feature", "properties": { "nume": "BIODERM MEDICAL CENTER SRL", "judet": "București", "city": "Municipiul București" }, "geometry": { "type": "Point", "coordinates": [ 26.100546, 44.457054 ] } },
{ "type": "Feature", "properties": { "nume": "VITALMED CENTER SRL – UNIT. SANITARA PRIVATA PATURI", "judet": "Brașov", "city": "Brașov" }, "geometry": { "type": "Point", "coordinates": [ 25.5889359, 45.6485883 ] } },
{ "type": "Feature", "properties": { "nume": "SPITALUL DE PSIHIATRIE SF. NICOLAE ROMAN", "judet": "Neamț", "city": "Roman" }, "geometry": { "type": "Point", "coordinates": [ 26.9418865, 46.9368529 ] } },
{ "type": "Feature", "properties": { "nume": "S.C. IOWEMED S.A.", "judet": "Constanța", "city": "Constanța" }, "geometry": { "type": "Point", "coordinates": [ 28.6354096, 44.1725478 ] } },
{ "type": "Feature", "properties": { "nume": "SC CORAMED SV SRL", "judet": "Suceava", "city": "Sfântu Ilie" }, "geometry": { "type": "Point", "coordinates": [ 26.2308415, 47.6405086 ] } },
{ "type": "Feature", "properties": { "nume": "SPITALUL CLINIC MUNICIPAL DE URGENTA TIMISOARA", "judet": "Timiș", "city": "Timișoara" }, "geometry": { "type": "Point", "coordinates": [ 21.225302, 45.7580257 ] } },
{ "type": "Feature", "properties": { "nume": "ONCOCENTER - ONCOLOGIE CLINICĂ S.R.L", "judet": "Timiș", "city": "Timișoara" }, "geometry": { "type": "Point", "coordinates": [ 21.2065127, 45.7501097 ] } },
{ "type": "Feature", "properties": { "nume": "S.C. BELLA PRAXIS S.R.L.", "judet": "Iași", "city": "Pașcani" }, "geometry": { "type": "Point", "coordinates": [ 26.7233832, 47.2411237 ] } },
{ "type": "Feature", "properties": { "nume": "SPITALUL ORASENESC PUCIOASA", "judet": "Dâmbovița", "city": "Pucioasa" }, "geometry": { "type": "Point", "coordinates": [ 25.43484, 45.0749 ] } },
{ "type": "Feature", "properties": { "nume": "Spitalul Municipal Sacele", "judet": "Brașov", "city": "Săcele" }, "geometry": { "type": "Point", "coordinates": [ 25.7168943, 45.6108376 ] } },
{ "type": "Feature", "properties": { "nume": "SOCIETATEA CLINICA SFÂNTA MARIA SRL", "judet": "Maramureș", "city": "Baia Mare" }, "geometry": { "type": "Point", "coordinates": [ 23.5624385, 47.6538825 ] } },
{ "type": "Feature", "properties": { "nume": "SPITALUL MUNICIPAL ORĂȘTIE", "judet": "Hunedoara", "city": "Orăștie" }, "geometry": { "type": "Point", "coordinates": [ 23.189568, 45.84064 ] } },
{ "type": "Feature", "properties": { "nume": "SOCIETATEA CENTRU MEDICAL SANCONFIND SRL - SPITAL", "judet": "Prahova", "city": "Câmpina" }, "geometry": { "type": "Point", "coordinates": [ 25.7109407, 45.1290731 ] } },
{ "type": "Feature", "properties": { "nume": "S.C.TRANSMED EXPERT S.R.L-CENTRU MEDICAL", "judet": "Iași", "city": "Iași" }, "geometry": { "type": "Point", "coordinates": [ 27.5744277, 47.1615638 ] } },
{ "type": "Feature", "properties": { "nume": "S.C. MEDSTAR 2000 S.R.L", "judet": "Constanța", "city": "Constanța" }, "geometry": { "type": "Point", "coordinates": [ 28.644773, 44.180861 ] } },
{ "type": "Feature", "properties": { "nume": "DIAVERUM MEDIAS - CENTRU DE DIALIZA", "judet": "Sibiu", "city": "Mediaș" }, "geometry": { "type": "Point", "coordinates": [ 24.3471665, 46.1572828 ] } },
{ "type": "Feature", "properties": { "nume": "DIAVERUM RACARI - CENTRU DE DIALIZA", "judet": "București", "city": "Municipiul București" }, "geometry": { "type": "Point", "coordinates": [ 26.1025384, 44.4267674 ] } },
{ "type": "Feature", "properties": { "nume": "SPITALUL ORĂȘENESC,,Dr. Alexandru Borza\" ABRUD", "judet": "Alba", "city": "Abrud" }, "geometry": { "type": "Point", "coordinates": [ 23.0824202, 46.2659645 ] } },
{ "type": "Feature", "properties": { "nume": "DIAVERUM ROMAN - CENTRU DE DIALIZA", "judet": "Neamț", "city": "Roman" }, "geometry": { "type": "Point", "coordinates": [ 26.9265451, 46.9333781 ] } },
{ "type": "Feature", "properties": { "nume": "DIAVERUM SEMA PARC - CENTRU DE DIALIZA", "judet": "București", "city": "Municipiul București" }, "geometry": { "type": "Point", "coordinates": [ 26.1025384, 44.4267674 ] } },
{ "type": "Feature", "properties": { "nume": "SPITALUL DE PNEUMOFTIZIOLOGIE \"SF.ANDREI\"", "judet": "Argeș", "city": "Valea Iașului" }, "geometry": { "type": "Point", "coordinates": [ 24.6752407, 45.1334484 ] } },
{ "type": "Feature", "properties": { "nume": "DIAVERUM SIBIU DISTRIBUTIEI - CENTRU DE DIALIZA", "judet": "Sibiu", "city": "Sibiu" }, "geometry": { "type": "Point", "coordinates": [ 24.1255826, 45.7983273 ] } },
{ "type": "Feature", "properties": { "nume": "DIAVERUM SPLAI - CENTRU DE DIALIZA", "judet": "București", "city": "Municipiul București" }, "geometry": { "type": "Point", "coordinates": [ 26.1025384, 44.4267674 ] } },
{ "type": "Feature", "properties": { "nume": "SPITALUL CLINIC DE URGENŢĂ MILITAR \"DR. ŞTEFAN ODOBLEJA\" CRAIOVA", "judet": "Dolj", "city": "Craiova" }, "geometry": { "type": "Point", "coordinates": [ 23.8181923, 44.3024655 ] } },
{ "type": "Feature", "properties": { "nume": "DIAVERUM BISTRITA - CENTRU DE DIALIZA", "judet": "Bistrița-Năsăud", "city": "Bistrița" }, "geometry": { "type": "Point", "coordinates": [ 24.5322814, 47.2486107 ] } },
{ "type": "Feature", "properties": { "nume": "DIAVERUM ORADEA - CENTRU DE DIALIZA", "judet": "Bihor", "city": "Oradea" }, "geometry": { "type": "Point", "coordinates": [ 21.9189438, 47.0465005 ] } },
{ "type": "Feature", "properties": { "nume": "FUNDAȚIA ”ACASĂ”- CENTRUL DE RECUPERARE,TRATAMENT ȘI ÎNGRIJIRE ”ACASĂ”", "judet": "Sălaj", "city": "Zalău" }, "geometry": { "type": "Point", "coordinates": [ 23.0728353, 47.1676348 ] } },
{ "type": "Feature", "properties": { "nume": "DIAVERUM FOCSANI - CENTRU DE DIALIZA", "judet": "Vrancea", "city": "Focșani" }, "geometry": { "type": "Point", "coordinates": [ 27.184043, 45.6964745 ] } },
{ "type": "Feature", "properties": { "nume": "DIAVERUM SIBIU MORILOR - CENTRU DE DIALIZA", "judet": "Sibiu", "city": "Sibiu" }, "geometry": { "type": "Point", "coordinates": [ 24.1255826, 45.7983273 ] } },
{ "type": "Feature", "properties": { "nume": "SPITALUL MUNICIPAL CARITAS ROSIORI DE VEDE", "judet": "Teleorman", "city": "Rosiori de Vede" }, "geometry": { "type": "Point", "coordinates": [ 24.9874717, 44.114708 ] } },
{ "type": "Feature", "properties": { "nume": "SPITALUL DE PSIHIATRIE CRONICI SIRET", "judet": "Suceava", "city": "Siret" }, "geometry": { "type": "Point", "coordinates": [ 26.0683023, 47.951102 ] } },
{ "type": "Feature", "properties": { "nume": "SPITALUL ORĂŞENESC MIOVENI", "judet": "Argeș", "city": "Mioveni" }, "geometry": { "type": "Point", "coordinates": [ 24.9612882, 44.9688641 ] } },
{ "type": "Feature", "properties": { "nume": "ASOCIATIA ONCOHELP- CENTRUL DE ONCOLOGIE ONCOHELP", "judet": "Timiș", "city": "Timișoara" }, "geometry": { "type": "Point", "coordinates": [ 21.2178631, 45.7389161 ] } },
{ "type": "Feature", "properties": { "nume": "SPITALUL CLINIC C.F.ORADEA", "judet": "Bihor", "city": "Oradea" }, "geometry": { "type": "Point", "coordinates": [ 21.9362682, 47.0670309 ] } },
{ "type": "Feature", "properties": { "nume": "SPITALUL DE BOLI CRONICE CRASNA", "judet": "Sălaj", "city": "Crasna" }, "geometry": { "type": "Point", "coordinates": [ 22.8739341, 47.1599576 ] } },
{ "type": "Feature", "properties": { "nume": "SPITALUL JUDEȚEAN DE URGENȚĂ TULCEA", "judet": "Tulcea", "city": "Tulcea" }, "geometry": { "type": "Point", "coordinates": [ 28.785888, 45.1764471 ] } },
{ "type": "Feature", "properties": { "nume": "SANATORIUL DE PNEUMOFTIZIOLOGIE GEOAGIU", "judet": "Hunedoara", "city": "Geoagiu" }, "geometry": { "type": "Point", "coordinates": [ 23.1636509, 45.9119663 ] } },
{ "type": "Feature", "properties": { "nume": "SPITALUL \"N.N. SAVEANU\" VIDRA, VRANCEA", "judet": "Vrancea", "city": "Vidra" }, "geometry": { "type": "Point", "coordinates": [ 26.9051335, 45.9118413 ] } },
{ "type": "Feature", "properties": { "nume": "SPITALUL DE PNEUMOFTIZIOLOGIE CONSTANTIN ANASTASATU", "judet": "Vâlcea", "city": "Mihăești" }, "geometry": { "type": "Point", "coordinates": [ 24.2442717, 45.0227277 ] } },
{ "type": "Feature", "properties": { "nume": "INSTITUTUL CLINIC DE UROLOGIE SI TRANSPLANT RENAL CLUJ-NAPOCA", "judet": "Cluj", "city": "Cluj-Napoca" }, "geometry": { "type": "Point", "coordinates": [ 23.5842291, 46.7663454 ] } },
{ "type": "Feature", "properties": { "nume": "SPITALUL MUNICIPAL \"DR. TEODOR ANDREI\" LUGOJ", "judet": "Timiș", "city": "Lugoj" }, "geometry": { "type": "Point", "coordinates": [ 21.9034608, 45.6909898 ] } },
{ "type": "Feature", "properties": { "nume": "SPITALUL DE PSIHIATRIE POIANA MARE", "judet": "Dolj", "city": "Poiana Mare" }, "geometry": { "type": "Point", "coordinates": [ 23.0682957, 43.9336682 ] } },
{ "type": "Feature", "properties": { "nume": "SPITAL ORASENESC MOLDOVA NOUA", "judet": "Caraș-Severin", "city": "Moldova Nouă" }, "geometry": { "type": "Point", "coordinates": [ 21.6224001, 44.7257967 ] } },
{ "type": "Feature", "properties": { "nume": "SPITALUL DE PNEUMOFTIZIOLOGIE ROSIORII DE VEDE", "judet": "Teleorman", "city": "Rosiori de Vede" }, "geometry": { "type": "Point", "coordinates": [ 24.9908935, 44.1146327 ] } },
{ "type": "Feature", "properties": { "nume": "SPITAL ORASENESC MACIN", "judet": "Tulcea", "city": "Măcin" }, "geometry": { "type": "Point", "coordinates": [ 28.1352951, 45.2454963 ] } },
{ "type": "Feature", "properties": { "nume": "SPITAL DE BOLI CRONICE ŞI GERIATRIE \"CONSTANTIN BĂLĂCEANU STOLNICI\" STEFĂNEŞTI CU AMBULATORIU INTEGRAT", "judet": "Argeș", "city": "Ștefănești" }, "geometry": { "type": "Point", "coordinates": [ 24.9243961, 44.8659179 ] } },
{ "type": "Feature", "properties": { "nume": "SPITALUL DE PEDIATRIE PLOIEȘTI", "judet": "Prahova", "city": "Ploiești" }, "geometry": { "type": "Point", "coordinates": [ 26.0266138, 44.9323544 ] } },
{ "type": "Feature", "properties": { "nume": "SPITALUL MUNICIPAL MOTRU", "judet": "Gorj", "city": "Motru" }, "geometry": { "type": "Point", "coordinates": [ 22.9738787, 44.8028272 ] } },
{ "type": "Feature", "properties": { "nume": "SPITALUL CLINIC DE BOLI INFECȚIOASE SI TROPICALE ”DR.VICTOR BABEȘ”", "judet": "București", "city": "Municipiul București" }, "geometry": { "type": "Point", "coordinates": [ 26.1391233, 44.4278891 ] } },
{ "type": "Feature", "properties": { "nume": "S.C. CENTRUL MEDICAL UNIREA S.R.L.", "judet": "Bacău", "city": "Bacău" }, "geometry": { "type": "Point", "coordinates": [ 26.9303412, 46.5773774 ] } },
{ "type": "Feature", "properties": { "nume": "INSTITUTUL REGIONAL DE ONCOLOGIE", "judet": "Iași", "city": "Iași" }, "geometry": { "type": "Point", "coordinates": [ 27.2185662, 47.2679653 ] } },
{ "type": "Feature", "properties": { "nume": "SPITALUL CLINIC DE OBSTETRICA - GINECOLOGIE \" PROF. DR. PANAIT SIRBU \"", "judet": "București", "city": "Municipiul București" }, "geometry": { "type": "Point", "coordinates": [ 26.0610012, 44.4500449 ] } },
{ "type": "Feature", "properties": { "nume": "SPITALUL DE PNEUMOFTIZIOLOGIE DRAJNA", "judet": "Prahova", "city": "Drajna de Jos" }, "geometry": { "type": "Point", "coordinates": [ 26.0492277, 45.2218119 ] } },
{ "type": "Feature", "properties": { "nume": "SPITALUL MUNICIPAL CÂMPULUNG MOLDOVENESC", "judet": "Suceava", "city": "Câmpulung Moldovenesc" }, "geometry": { "type": "Point", "coordinates": [ 25.5437493, 47.5318036 ] } },
{ "type": "Feature", "properties": { "nume": "SPITALUL ORASENESC CAMPENI", "judet": "Alba", "city": "Câmpeni" }, "geometry": { "type": "Point", "coordinates": [ 23.040029, 46.362442 ] } },
{ "type": "Feature", "properties": { "nume": "SPITALUL DE PNEUMOFTIZIOLOGIE BRĂILA", "judet": "Brăila", "city": "Brăila" }, "geometry": { "type": "Point", "coordinates": [ 27.9701399, 45.2696395 ] } },
{ "type": "Feature", "properties": { "nume": "SPITALUL CLINIC CF CRAIOVA", "judet": "Dolj", "city": "Craiova" }, "geometry": { "type": "Point", "coordinates": [ 23.7939897, 44.3139167 ] } },
{ "type": "Feature", "properties": { "nume": "PENITENCIARUL SPITAL BUCURESTI - RAHOVA", "judet": "București", "city": "Municipiul București" }, "geometry": { "type": "Point", "coordinates": [ 26.0434688, 44.3976818 ] } },
{ "type": "Feature", "properties": { "nume": "CREȘTINĂ MEDICALĂ MUNPOSAN'94 SRL", "judet": "București", "city": "Municipiul București" }, "geometry": { "type": "Point", "coordinates": [ 26.073287, 44.4442639 ] } },
{ "type": "Feature", "properties": { "nume": "SPITALUL MUNICIPAL CAREI", "judet": "Satu Mare", "city": "Carei" }, "geometry": { "type": "Point", "coordinates": [ 22.4624677, 47.6809554 ] } },
{ "type": "Feature", "properties": { "nume": "SPITALUL CLINIC MILITAR DE URGENȚĂ \"DR. IACOB CZIHAC\"", "judet": "Iași", "city": "Iași" }, "geometry": { "type": "Point", "coordinates": [ 27.5758919, 47.1732988 ] } },
{ "type": "Feature", "properties": { "nume": "SOCIETATEA BESTMED SERV SRL", "judet": "Prahova", "city": "Boldești-Scăeni" }, "geometry": { "type": "Point", "coordinates": [ 26.0313216, 45.0321706 ] } },
{ "type": "Feature", "properties": { "nume": "SPITALUL CLINIC DE RECUPERARE, MEDICINĂ FIZICĂ ŞI BALNEOLOGIE", "judet": "Constanța", "city": "Eforie Nord" }, "geometry": { "type": "Point", "coordinates": [ 28.6341118, 44.0678445 ] } },
{ "type": "Feature", "properties": { "nume": "SPITALUL JUDEȚEAN DE URGENȚA TÂRGOVIȘTE", "judet": "Dâmbovița", "city": "Târgoviște" }, "geometry": { "type": "Point", "coordinates": [ 25.4502977, 44.9242541 ] } },
{ "type": "Feature", "properties": { "nume": "SPITALUL JUDEȚEAN DE URGENȚA ”DR. CONSTANTIN OPRIȘ” BAIA MARE", "judet": "Maramureș", "city": "Baia Mare" }, "geometry": { "type": "Point", "coordinates": [ 23.5546958, 47.6552914 ] } },
{ "type": "Feature", "properties": { "nume": "SPITALUL ORĂȘENESC ”SFÂNTUL DIMITRIE” TÎRGU NEAMȚ", "judet": "Neamț", "city": "Târgu Neamț" }, "geometry": { "type": "Point", "coordinates": [ 26.3579279, 47.2072085 ] } },
{ "type": "Feature", "properties": { "nume": "SPITALUL ORĂŞENESC DR.GEORGE TRIFON", "judet": "Bistrița-Năsăud", "city": "Năsăud" }, "geometry": { "type": "Point", "coordinates": [ 24.4094011, 47.2836368 ] } },
{ "type": "Feature", "properties": { "nume": "SPITALUL DE PSIHIATRIE \"SF. MARIA\" VEDEA", "judet": "Argeș", "city": "Vedea" }, "geometry": { "type": "Point", "coordinates": [ 24.6400975, 44.7662166 ] } },
{ "type": "Feature", "properties": { "nume": "SPITALUL MILITAR DE URGENTA \"DR. ALEXANDRU AUGUSTIN\" SIBIU", "judet": "Sibiu", "city": "Sibiu" }, "geometry": { "type": "Point", "coordinates": [ 24.1392416, 45.7848556 ] } },
{ "type": "Feature", "properties": { "nume": "SPITALUL JUDEŢEAN DE URGENŢĂ PIATRA NEAMŢ", "judet": "Neamț", "city": "Piatra-Neamț" }, "geometry": { "type": "Point", "coordinates": [ 26.3779793, 46.9299616 ] } },
{ "type": "Feature", "properties": { "nume": "SPITALUL CLINIC JUDEȚEAN DE URGENȚĂ „SF.APOSTOL ANDREI” GALAȚI", "judet": "Galați", "city": "Galați" }, "geometry": { "type": "Point", "coordinates": [ 28.019202, 45.4192126 ] } },
{ "type": "Feature", "properties": { "nume": "SPITALUL CLINIC DE PEDIATRIE SIBIU", "judet": "Sibiu", "city": "Sibiu" }, "geometry": { "type": "Point", "coordinates": [ 24.147541, 45.7929927 ] } },
{ "type": "Feature", "properties": { "nume": "HIFU TERRAMED CONFORMAL S.R.L.", "judet": "București", "city": "Municipiul București" }, "geometry": { "type": "Point", "coordinates": [ 26.131624, 44.41265 ] } },
{ "type": "Feature", "properties": { "nume": "S.C. CENTRUL MEDICAL TOMMED S.R.L.", "judet": "Dolj", "city": "Craiova" }, "geometry": { "type": "Point", "coordinates": [ 23.809932, 44.3261945 ] } },
{ "type": "Feature", "properties": { "nume": "SPITALUL CLINIC JUDEŢEAN MUREŞ", "judet": "Mureș", "city": "Târgu Mureș" }, "geometry": { "type": "Point", "coordinates": [ 24.575376, 46.551743 ] } },
{ "type": "Feature", "properties": { "nume": "SPITALUL GENERAL C.F. PAȘCANI", "judet": "Iași", "city": "Pașcani" }, "geometry": { "type": "Point", "coordinates": [ 26.722971, 47.2448637 ] } },
{ "type": "Feature", "properties": { "nume": "SPITALUL MUNICIPAL \"DR. GHEORGHE MARINESCU\"", "judet": "Mureș", "city": "Târnăveni" }, "geometry": { "type": "Point", "coordinates": [ 24.294636, 46.3301087 ] } },
{ "type": "Feature", "properties": { "nume": "SPITAL JUDEŢEAN DE URGENŢĂ MIERCUREA CIUC", "judet": "Harghita", "city": "Miercurea Ciuc" }, "geometry": { "type": "Point", "coordinates": [ 25.8078583, 46.3485614 ] } },
{ "type": "Feature", "properties": { "nume": "SOCIETATEA Fresenius NephroCare Romania SRL - punct de lucru Brașov", "judet": "Brașov", "city": "Brașov" }, "geometry": { "type": "Point", "coordinates": [ 25.6011977, 45.6579755 ] } },
{ "type": "Feature", "properties": { "nume": "SOCIETATEA Fresenius NephroCare Romania SRL - punct de lucru Pitești", "judet": "Argeș", "city": "Pitești" }, "geometry": { "type": "Point", "coordinates": [ 24.8691824, 44.8564798 ] } },
{ "type": "Feature", "properties": { "nume": "SPITALUL CLINIC C.F. TIMISOARA", "judet": "Timiș", "city": "Timișoara" }, "geometry": { "type": "Point", "coordinates": [ 21.2189037, 45.7495033 ] } },
{ "type": "Feature", "properties": { "nume": "SOCIETATEA Fresenius NephroCare Romania SRL - punct de lucru Bacău", "judet": "Bacău", "city": "Bacău" }, "geometry": { "type": "Point", "coordinates": [ 26.9145748, 46.5670437 ] } },
{ "type": "Feature", "properties": { "nume": "SOCIETATEA Fresenius NephroCare Romania SRL - punct de lucru Onești", "judet": "Bacău", "city": "Onești" }, "geometry": { "type": "Point", "coordinates": [ 26.782587, 46.2647012 ] } },
{ "type": "Feature", "properties": { "nume": "SPITAL ORASENESC RUPEA", "judet": "Brașov", "city": "Rupea" }, "geometry": { "type": "Point", "coordinates": [ 25.2205449, 46.037867 ] } },
{ "type": "Feature", "properties": { "nume": "SOCIETATEA Fresenius NephroCare Romania SRL - unitate satelit Oradea", "judet": "Bihor", "city": "Ștei" }, "geometry": { "type": "Point", "coordinates": [ 22.4630059, 46.5342537 ] } },
{ "type": "Feature", "properties": { "nume": "SOCIETATEA Fresenius NephroCare Romania SRL - punct de lucru Oradea", "judet": "Bihor", "city": "Oradea" }, "geometry": { "type": "Point", "coordinates": [ 21.9189438, 47.0465005 ] } },
{ "type": "Feature", "properties": { "nume": "SPITALUL MUNICIPAL DE URGENTA ROMAN", "judet": "Neamț", "city": "Roman" }, "geometry": { "type": "Point", "coordinates": [ 26.929615, 46.929535 ] } },
{ "type": "Feature", "properties": { "nume": "SOCIETATEA Fresenius NephroCare Romania SRL + Cabinet de specialitate nefrologie - punct de lucru București", "judet": "București", "city": "Municipiul București" }, "geometry": { "type": "Point", "coordinates": [ 26.1025384, 44.4267674 ] } },
{ "type": "Feature", "properties": { "nume": "SOCIETATEA Fresenius NephroCare Romania SRL - punct de lucru Constanța", "judet": "Constanța", "city": "Constanța" }, "geometry": { "type": "Point", "coordinates": [ 28.6348138, 44.1598013 ] } },
{ "type": "Feature", "properties": { "nume": "SPITAL MUNICIPAL \"DIMITRIE CASTROIAN\" HUSI", "judet": "Vaslui", "city": "Huși" }, "geometry": { "type": "Point", "coordinates": [ 28.049851, 46.674836 ] } },
{ "type": "Feature", "properties": { "nume": "NEFROLAB SRL - punct de lucru Caracal", "judet": "Olt", "city": "Caracal" }, "geometry": { "type": "Point", "coordinates": [ 24.3424754, 44.1157446 ] } },
{ "type": "Feature", "properties": { "nume": "Mediss Center Srl", "judet": "Neamț", "city": "Târgu Neamț" }, "geometry": { "type": "Point", "coordinates": [ 26.3757306, 47.2097877 ] } },
{ "type": "Feature", "properties": { "nume": "SOCIETATEA POLICLINICA DE DIAGNOSTIC RAPID SA", "judet": "Brașov", "city": "Brașov" }, "geometry": { "type": "Point", "coordinates": [ 25.6126364, 45.6651015 ] } },
{ "type": "Feature", "properties": { "nume": "SOCIETATEA AVITUM SRL - punct de lucru Dorohoi", "judet": "Botoșani", "city": "Dorohoi" }, "geometry": { "type": "Point", "coordinates": [ 26.401209, 47.954921 ] } },
{ "type": "Feature", "properties": { "nume": "NEFROLAB SRL - punct de lucru Slatina", "judet": "Olt", "city": "Slatina" }, "geometry": { "type": "Point", "coordinates": [ 24.3716904, 44.4301677 ] } },
{ "type": "Feature", "properties": { "nume": "ARCADIA CARDIO", "judet": "Iași", "city": "Iași" }, "geometry": { "type": "Point", "coordinates": [ 27.5622286, 47.1579362 ] } },
{ "type": "Feature", "properties": { "nume": "SC Eurodializa SRL - punct de lucru Mangalia", "judet": "Constanța", "city": "Mangalia" }, "geometry": { "type": "Point", "coordinates": [ 28.57415, 43.815244 ] } },
{ "type": "Feature", "properties": { "nume": "SPITALUL ORASENESC JIBOU", "judet": "Sălaj", "city": "Jibou" }, "geometry": { "type": "Point", "coordinates": [ 23.2521708, 47.2589056 ] } },
{ "type": "Feature", "properties": { "nume": "SPITAL DE PSIHIATRIE \"SF.PANTELIMON\" BRAILA", "judet": "Brăila", "city": "Brăila" }, "geometry": { "type": "Point", "coordinates": [ 27.965305, 45.2610259 ] } },
{ "type": "Feature", "properties": { "nume": "SPITALUL DE PSIHIATRIE CAVNIC", "judet": "Maramureș", "city": "Cavnic" }, "geometry": { "type": "Point", "coordinates": [ 23.8355037, 47.6600797 ] } },
{ "type": "Feature", "properties": { "nume": "SPITALUL CLINIC DE OBSTETRICĂ ȘI GINECOLOGIE ,,CUZA VODĂ'' IAȘI", "judet": "Iași", "city": "Iași" }, "geometry": { "type": "Point", "coordinates": [ 27.586251, 47.163896 ] } },
{ "type": "Feature", "properties": { "nume": "SPITALUL ORASENESC DETA", "judet": "Timiș", "city": "Deta" }, "geometry": { "type": "Point", "coordinates": [ 21.2227934, 45.3902564 ] } },
{ "type": "Feature", "properties": { "nume": "SANATORIUL DE PNEUMOFTIZIOLOGIE BRAD", "judet": "Hunedoara", "city": "Brad" }, "geometry": { "type": "Point", "coordinates": [ 22.7884234, 46.1335267 ] } },
{ "type": "Feature", "properties": { "nume": "SPITALUL DE RECUPERARE NEUROMOTORIE \"DR.CORNELIU BARSAN\" DEZNA", "judet": "Arad", "city": "Dezna" }, "geometry": { "type": "Point", "coordinates": [ 22.2437895, 46.4084569 ] } },
{ "type": "Feature", "properties": { "nume": "SPITALUL CLINIC DE BOLI INFECȚIOASE CLUJ-NAPOCA", "judet": "Cluj", "city": "Cluj-Napoca" }, "geometry": { "type": "Point", "coordinates": [ 23.5839982, 46.7604235 ] } },
{ "type": "Feature", "properties": { "nume": "SPITALUL DE BOLI CRONICE CÎMPENI", "judet": "Alba", "city": "Câmpeni" }, "geometry": { "type": "Point", "coordinates": [ 23.046125, 46.364772 ] } },
{ "type": "Feature", "properties": { "nume": "SPITALUL JUDETEAN DE URGENTA \"MAVROMATI\" BOTOSANI", "judet": "Botoșani", "city": "Botoșani" }, "geometry": { "type": "Point", "coordinates": [ 26.6611978, 47.742134 ] } },
{ "type": "Feature", "properties": { "nume": "SPITALUL MUNICIPAL ORSOVA", "judet": "Mehedinți", "city": "Orșova" }, "geometry": { "type": "Point", "coordinates": [ 22.396103, 44.7213803 ] } },
{ "type": "Feature", "properties": { "nume": "SPITALUL ORASENESC FAUREI", "judet": "Brăila", "city": "Făurei" }, "geometry": { "type": "Point", "coordinates": [ 27.273598, 45.0851619 ] } },
{ "type": "Feature", "properties": { "nume": "SPITALUL DE RECUPERARE BORȘA", "judet": "Maramureș", "city": "Borșa" }, "geometry": { "type": "Point", "coordinates": [ 24.6659778, 47.654197 ] } },
{ "type": "Feature", "properties": { "nume": "SPITALUL CLINIC DE OBSTETRICĂ GINECOLOGIE \"BUNA VESTIRE\" GALAȚI", "judet": "Galați", "city": "Galați" }, "geometry": { "type": "Point", "coordinates": [ 28.04378, 45.4446076 ] } },
{ "type": "Feature", "properties": { "nume": "SPITAL DE URGENTA PETROSANI", "judet": "Hunedoara", "city": "Petroșani" }, "geometry": { "type": "Point", "coordinates": [ 23.3756153, 45.4081115 ] } },
{ "type": "Feature", "properties": { "nume": "SPITALUL MUNICIPAL AIUD", "judet": "Alba", "city": "Aiud" }, "geometry": { "type": "Point", "coordinates": [ 23.7238356, 46.3081026 ] } },
{ "type": "Feature", "properties": { "nume": "SPITALUL DE PNEUMOFTIZIOLOGIE CÁLÁRASI", "judet": "Călărași", "city": "Călărași" }, "geometry": { "type": "Point", "coordinates": [ 27.31539, 44.20635 ] } },
{ "type": "Feature", "properties": { "nume": "SPITAL DE PSIHIATRIE ȘI PENTRU MĂSURI DE SIGURANȚĂ ȘTEI", "judet": "Bihor", "city": "Ștei" }, "geometry": { "type": "Point", "coordinates": [ 22.4654857, 46.5470501 ] } },
{ "type": "Feature", "properties": { "nume": "S.C POLIMED S.R.L.", "judet": "Bacău", "city": "Podu Turcului" }, "geometry": { "type": "Point", "coordinates": [ 27.384423, 46.2001762 ] } },
{ "type": "Feature", "properties": { "nume": "SPITALUL CLINIC DE CHIRURGIE ORO-MAXILO-FACIALĂ \"PROF. DR. DAN THEODORESCU\"", "judet": "București", "city": "Municipiul București" }, "geometry": { "type": "Point", "coordinates": [ 26.0855266, 44.4355647 ] } },
{ "type": "Feature", "properties": { "nume": "SPITALUL ORĂȘENESC ,, SFÂNTA FILOFTEIA'' MIZIL", "judet": "Prahova", "city": "Mizil" }, "geometry": { "type": "Point", "coordinates": [ 26.43984, 44.9995 ] } },
{ "type": "Feature", "properties": { "nume": "SPITALUL ORASENESC,,DR.VALER RUSSU''LUDUS", "judet": "Mureș", "city": "Luduș" }, "geometry": { "type": "Point", "coordinates": [ 24.095381, 46.475264 ] } },
{ "type": "Feature", "properties": { "nume": "SPITALUL MUNICIPAL ,,DR. CORNEL IGNA,, CÂMPIA TURZII", "judet": "Cluj", "city": "Câmpia Turzii" }, "geometry": { "type": "Point", "coordinates": [ 23.8822012, 46.5469118 ] } },
{ "type": "Feature", "properties": { "nume": "SPITALUL ORASENESC\"IOAN LASCAR\"COMANESTI", "judet": "Bacău", "city": "Comănești" }, "geometry": { "type": "Point", "coordinates": [ 26.451156, 46.417366 ] } },
{ "type": "Feature", "properties": { "nume": "SPITALUL CLINIC \"PROF.DR. TH. BURGHELE\"", "judet": "București", "city": "Municipiul București" }, "geometry": { "type": "Point", "coordinates": [ 26.0735688, 44.4256739 ] } },
{ "type": "Feature", "properties": { "nume": "INSTITUTUL NATIONAL DE GERONTOLOGIE SI GERIATRIE \"ANA ASLAN\"", "judet": "București", "city": "Municipiul București" }, "geometry": { "type": "Point", "coordinates": [ 26.0754483, 44.4568197 ] } },
{ "type": "Feature", "properties": { "nume": "CENTRUL CLINIC DE BOLI REUMATISMALE \"DR. ION STOIA\"", "judet": "București", "city": "Municipiul București" }, "geometry": { "type": "Point", "coordinates": [ 26.105442, 44.440902 ] } },
{ "type": "Feature", "properties": { "nume": "SPITALUL CLINIC FILANTROPIA BUCURESTI", "judet": "București", "city": "Municipiul București" }, "geometry": { "type": "Point", "coordinates": [ 26.0822661, 44.454088 ] } },
{ "type": "Feature", "properties": { "nume": "SPITALUL CLINIC DE URGENȚE OFTALMOLOGICE– Spital de Specialitate si Ambulatoriu Integrat cu Cabinete de Specialitate", "judet": "București", "city": "Municipiul București" }, "geometry": { "type": "Point", "coordinates": [ 26.1000171, 44.4453251 ] } },
{ "type": "Feature", "properties": { "nume": "SPITALUL MUNICIPAL TARGU SECUIESC", "judet": "Covasna", "city": "Târgu Secuiesc" }, "geometry": { "type": "Point", "coordinates": [ 26.1436001, 46.0015 ] } },
{ "type": "Feature", "properties": { "nume": "SPITALUL CLINIC DE URGENȚĂ PENTRU COPII \"SF. MARIA\" IAȘI", "judet": "Iași", "city": "Iași" }, "geometry": { "type": "Point", "coordinates": [ 27.6219284, 47.157084 ] } },
{ "type": "Feature", "properties": { "nume": "Spitalul Județean de Urgență Vaslui", "judet": "Vaslui", "city": "Vaslui" }, "geometry": { "type": "Point", "coordinates": [ 27.7358476, 46.6554101 ] } },
{ "type": "Feature", "properties": { "nume": "SPITALUL MUNICIPAL MANGALIA", "judet": "Constanța", "city": "Mangalia" }, "geometry": { "type": "Point", "coordinates": [ 28.587576, 43.8209046 ] } },
{ "type": "Feature", "properties": { "nume": "SPITALUL MUNICIPAL CU AMBULATORIU INTEGRAT DE SPECIALITATE CAMPULUNG", "judet": "Argeș", "city": "Câmpulung Muscel" }, "geometry": { "type": "Point", "coordinates": [ 25.0379213, 45.2662208 ] } },
{ "type": "Feature", "properties": { "nume": "SPITALUL DE PNEUMOFTIZIOLOGIE GALAŢI", "judet": "Galați", "city": "Galați" }, "geometry": { "type": "Point", "coordinates": [ 28.046375, 45.4563871 ] } },
{ "type": "Feature", "properties": { "nume": "SPITALUL DE PSIHIATRIE DRĂGOEȘTI", "judet": "Vâlcea", "city": "Drăgoești" }, "geometry": { "type": "Point", "coordinates": [ 24.2833087, 44.8308033 ] } },
{ "type": "Feature", "properties": { "nume": "INSTITUTUL DE PSIHIATRIE SOCOLA IASI", "judet": "Iași", "city": "Iași" }, "geometry": { "type": "Point", "coordinates": [ 27.6148299, 47.12947 ] } },
{ "type": "Feature", "properties": { "nume": "SPITALUL DE PNEUMOFTIZIOLOGIE FLORESTI", "judet": "Prahova", "city": "Florești" }, "geometry": { "type": "Point", "coordinates": [ 25.7922308, 45.0301747 ] } },
{ "type": "Feature", "properties": { "nume": "SPITALUL DE PNEUMOFTIZIOLOGIE CU AMBULATORIU INTEGRAT", "judet": "Argeș", "city": "Leordeni" }, "geometry": { "type": "Point", "coordinates": [ 25.1153281, 44.7936176 ] } },
{ "type": "Feature", "properties": { "nume": "SPITALUL ORASENESC GAESTI", "judet": "Dâmbovița", "city": "Găești" }, "geometry": { "type": "Point", "coordinates": [ 25.338268, 44.7146416 ] } },
{ "type": "Feature", "properties": { "nume": "SPITALUL ORĂȘENESC TG. LĂPUȘ", "judet": "Maramureș", "city": "Târgu Lăpuș" }, "geometry": { "type": "Point", "coordinates": [ 23.862152, 47.455411 ] } },
{ "type": "Feature", "properties": { "nume": "SPITALUL MUNICIPAL MEDIAȘ", "judet": "Sibiu", "city": "Mediaș" }, "geometry": { "type": "Point", "coordinates": [ 24.356686, 46.1633897 ] } },
{ "type": "Feature", "properties": { "nume": "SPITALUL CLINIC DE PNEUMOFTIZIOLOGIE IAȘI", "judet": "Iași", "city": "Iași" }, "geometry": { "type": "Point", "coordinates": [ 27.5848943, 47.1694874 ] } },
{ "type": "Feature", "properties": { "nume": "SPITALUL CLINIC DE PNEUMOFTIZIOLOGIE \"LEON DANIELLO\" CLUJ-NAPOCA", "judet": "Cluj", "city": "Cluj-Napoca" }, "geometry": { "type": "Point", "coordinates": [ 23.5819653, 46.7635156 ] } },
{ "type": "Feature", "properties": { "nume": "PENITENCIARUL-SPITAL BUCURESTI-JILAVA", "judet": "Ilfov", "city": "Jilava" }, "geometry": { "type": "Point", "coordinates": [ 26.1079346, 44.3339032 ] } },
{ "type": "Feature", "properties": { "nume": "SPITALUL MUNICIPAL,,SF.IERARH DR.LUCA,,ONESTI", "judet": "Bacău", "city": "Onești" }, "geometry": { "type": "Point", "coordinates": [ 26.7649001, 46.2537251 ] } },
{ "type": "Feature", "properties": { "nume": "SPITALUL CLINIC DE URGENŢĂ PENTRU COPII \"LOUIS ŢURCANU\" TIMIŞOARA", "judet": "Timiș", "city": "Timișoara" }, "geometry": { "type": "Point", "coordinates": [ 21.2217896, 45.7537542 ] } },
{ "type": "Feature", "properties": { "nume": "SPITALUL MUNICIPAL DR.EUGEN NICOARĂ REGHIN", "judet": "Mureș", "city": "Reghin" }, "geometry": { "type": "Point", "coordinates": [ 24.695379, 46.781829 ] } },
{ "type": "Feature", "properties": { "nume": "SANATORIUL DE BALNEOFIZIOTERAPIE ŞI RECUPERARE MEDICALĂ ,,DR.DIMITRIE CANTEMIR\" BĂLŢĂTEŞTI", "judet": "Neamț", "city": "Bălțătești" }, "geometry": { "type": "Point", "coordinates": [ 26.3124821, 47.1263804 ] } },
{ "type": "Feature", "properties": { "nume": "SOCIETATEA CENTRUL MEDICAL SFANTUL NICOLAE SRL", "judet": "Argeș", "city": "Pitești" }, "geometry": { "type": "Point", "coordinates": [ 24.8855984, 44.8389478 ] } },
{ "type": "Feature", "properties": { "nume": "INSTITUTUL CLINIC FUNDENI", "judet": "București", "city": "Municipiul București" }, "geometry": { "type": "Point", "coordinates": [ 26.151778, 44.464132 ] } },
{ "type": "Feature", "properties": { "nume": "SPITALUL MUNICIPAL URZICENI", "judet": "Ialomița", "city": "Urziceni" }, "geometry": { "type": "Point", "coordinates": [ 26.6448372, 44.7118935 ] } },
{ "type": "Feature", "properties": { "nume": "SPITALUL MUNICIPAL \"ANGHEL SALIGNY\" FETESTI", "judet": "Ialomița", "city": "Fetești" }, "geometry": { "type": "Point", "coordinates": [ 27.8274626, 44.4082285 ] } },
{ "type": "Feature", "properties": { "nume": "SPITALUL ORASENESC ,,SF.STEFAN'' ROVINARI", "judet": "Gorj", "city": "Rovinari" }, "geometry": { "type": "Point", "coordinates": [ 23.1633439, 44.8983355 ] } },
{ "type": "Feature", "properties": { "nume": "SPITALUL CLINIC DE BOLI INFECŢIOASE \"SFÂNTA PARASCHEVA\" IAŞI", "judet": "Iași", "city": "Iași" }, "geometry": { "type": "Point", "coordinates": [ 27.5834897, 47.1707799 ] } },
{ "type": "Feature", "properties": { "nume": "SPITALUL ORĂȘENESC \"AȘEZĂMINTELE BRÂNCOVENEȘTI\" DĂBULENI", "judet": "Dolj", "city": "Dăbuleni" }, "geometry": { "type": "Point", "coordinates": [ 24.0939371, 43.8008995 ] } },
{ "type": "Feature", "properties": { "nume": "SPITALUL ORĂȘENESC \"REGELE CAROL I\" COSTEȘTI", "judet": "Argeș", "city": "Costești" }, "geometry": { "type": "Point", "coordinates": [ 24.8742487, 44.6646584 ] } },
{ "type": "Feature", "properties": { "nume": "SPITALUL MUNICIPAL \"COSTACHE NICOLESCU \"DRAGASANI", "judet": "Vâlcea", "city": "Drăgășani" }, "geometry": { "type": "Point", "coordinates": [ 24.2583826, 44.662854 ] } },
{ "type": "Feature", "properties": { "nume": "SPITALUL DE PNEUMOFTIZIOLOGIE IZVORU", "judet": "Giurgiu", "city": "Vânătorii Mici" }, "geometry": { "type": "Point", "coordinates": [ 25.5389944, 44.5127129 ] } },
{ "type": "Feature", "properties": { "nume": "SPITALUL UNIVERSITAR DE URGENȚĂ ELIAS", "judet": "București", "city": "Municipiul București" }, "geometry": { "type": "Point", "coordinates": [ 26.0739649, 44.4661903 ] } },
{ "type": "Feature", "properties": { "nume": "CENTRUL MEDICAL DE RECUPERARE ȘI ÎNGRIJIRI PALIATIVE", "judet": "Sibiu", "city": "Laslea" }, "geometry": { "type": "Point", "coordinates": [ 24.6565069, 46.2096951 ] } },
{ "type": "Feature", "properties": { "nume": "SPITALUL DE PSIHIATRIE CRONICI DUMBRĂVENI", "judet": "Vrancea", "city": "Dumbrăveni" }, "geometry": { "type": "Point", "coordinates": [ 27.107528, 45.552004 ] } },
{ "type": "Feature", "properties": { "nume": "SPITALUL ORĂŞENESC BALŞ", "judet": "Olt", "city": "Balș" }, "geometry": { "type": "Point", "coordinates": [ 24.125205, 44.3440748 ] } },
{ "type": "Feature", "properties": { "nume": "PENITENCIARUL-SPITAL MIOVENI", "judet": "Argeș", "city": "Mioveni" }, "geometry": { "type": "Point", "coordinates": [ 24.9366841, 44.9561211 ] } },
{ "type": "Feature", "properties": { "nume": "SPITALUL DE PNEUMOFTIZIOLOGIE SIBIU", "judet": "Sibiu", "city": "Sibiu" }, "geometry": { "type": "Point", "coordinates": [ 24.1443054, 45.7950024 ] } },
{ "type": "Feature", "properties": { "nume": "SPITALUL MILITAR DE URGENŢĂ \"Dr. ALEXANDRU POPESCU\" FOCŞANI", "judet": "Vrancea", "city": "Focșani" }, "geometry": { "type": "Point", "coordinates": [ 27.1904183, 45.6968231 ] } },
{ "type": "Feature", "properties": { "nume": "SPITALUL CLINIC MUNICIPAL \"DR. GAVRIL CURTEANU\"ORADEA", "judet": "Bihor", "city": "Oradea" }, "geometry": { "type": "Point", "coordinates": [ 21.9185319, 47.0757961 ] } },
{ "type": "Feature", "properties": { "nume": "SPITALUL DE BOLI PULMONARE BREAZA", "judet": "Prahova", "city": "Breaza de Jos" }, "geometry": { "type": "Point", "coordinates": [ 25.6701028, 45.1861355 ] } },
{ "type": "Feature", "properties": { "nume": "SPITALUL MUNICIPAL TURDA", "judet": "Cluj", "city": "Turda" }, "geometry": { "type": "Point", "coordinates": [ 23.7773914, 46.5794359 ] } },
{ "type": "Feature", "properties": { "nume": "MEDICAL ANALYSIS CONSTANTA", "judet": "Constanța", "city": "Constanța" }, "geometry": { "type": "Point", "coordinates": [ 28.6450264, 44.1825692 ] } },
{ "type": "Feature", "properties": { "nume": "SPITALUL MUNICIPAL ADJUD", "judet": "Vrancea", "city": "Adjud" }, "geometry": { "type": "Point", "coordinates": [ 27.1831535, 46.0982696 ] } },
{ "type": "Feature", "properties": { "nume": "SPITALUL CLINIC DE URGENŢĂ \"SFÂNTUL PANTELIMON\", BUCUREŞTI", "judet": "București", "city": "Municipiul București" }, "geometry": { "type": "Point", "coordinates": [ 26.1720494, 44.4420251 ] } },
{ "type": "Feature", "properties": { "nume": "SPITALUL JUDETEAN DE URGENTA VALCEA", "judet": "Vâlcea", "city": "Râmnicu Vâlcea" }, "geometry": { "type": "Point", "coordinates": [ 24.3626591, 45.1188338 ] } },
{ "type": "Feature", "properties": { "nume": "SPITALUL DE BOLI CRONICE SIRET", "judet": "Suceava", "city": "Siret" }, "geometry": { "type": "Point", "coordinates": [ 26.0641683, 47.9552669 ] } },
{ "type": "Feature", "properties": { "nume": "SPITALUL DE PSIHIATRIE EFTIMIE DIMANDESCU BĂLĂCEANCA", "judet": "Ilfov", "city": "Bălăceanca" }, "geometry": { "type": "Point", "coordinates": [ 26.2910518, 44.3913764 ] } },
{ "type": "Feature", "properties": { "nume": "SPITALUL JUDETEAN DE URGENTA SLATINA", "judet": "Olt", "city": "Slatina" }, "geometry": { "type": "Point", "coordinates": [ 24.3658031, 44.4316106 ] } },
{ "type": "Feature", "properties": { "nume": "SPITALUL MUNICIPAL CARACAL", "judet": "Olt", "city": "Caracal" }, "geometry": { "type": "Point", "coordinates": [ 24.3424754, 44.1157446 ] } },
{ "type": "Feature", "properties": { "nume": "SPITALUL MUNICIPAL \"EPISCOP NICOLAE POPOVICI\" BEIUȘ", "judet": "Bihor", "city": "Beiuș" }, "geometry": { "type": "Point", "coordinates": [ 22.3500305, 46.6694297 ] } },
{ "type": "Feature", "properties": { "nume": "S.C. SALVOSAN CIOBANCA I S.R.L.", "judet": "Sălaj", "city": "Zalău" }, "geometry": { "type": "Point", "coordinates": [ 23.0495867, 47.1944454 ] } },
{ "type": "Feature", "properties": { "nume": "INSTITUTUL DE BOLI CARDIOVASCULARE TIMISOARA", "judet": "Timiș", "city": "Timișoara" }, "geometry": { "type": "Point", "coordinates": [ 21.2592675, 45.7692665 ] } },
{ "type": "Feature", "properties": { "nume": "SPITALUL CLINIC JUDEȚEAN DE URGENȚĂ ARAD", "judet": "Arad", "city": "Arad" }, "geometry": { "type": "Point", "coordinates": [ 21.309422, 46.1816758 ] } },
{ "type": "Feature", "properties": { "nume": "SPITALUL CLINIC DE OBSTETRICA GINECOLOGIE \"DR.I.A.SBARCEA\"", "judet": "Brașov", "city": "Brașov" }, "geometry": { "type": "Point", "coordinates": [ 25.5848237, 45.6404809 ] } },
{ "type": "Feature", "properties": { "nume": "SPITALUL DE PSIHIATRIE CAPALNAS", "judet": "Arad", "city": "Căpălnaș" }, "geometry": { "type": "Point", "coordinates": [ 22.217539, 45.9697213 ] } },
{ "type": "Feature", "properties": { "nume": "INSTITUTUL NAȚIONAL PENTRU SĂNĂTATEA MAMEI ȘI COPILULUI \"ALESSANDRESCU-RUSESCU\"", "judet": "București", "city": "Municipiul București" }, "geometry": { "type": "Point", "coordinates": [ 26.122675, 44.46311 ] } },
{ "type": "Feature", "properties": { "nume": "SPITALUL DE PSIHIATRIE ZAM", "judet": "Hunedoara", "city": "Zam" }, "geometry": { "type": "Point", "coordinates": [ 22.4429015, 46.0077497 ] } },
{ "type": "Feature", "properties": { "nume": "SPITALUL MUNICIPAL TURNU MĂGURELE", "judet": "Teleorman", "city": "Turnu Măgurele" }, "geometry": { "type": "Point", "coordinates": [ 24.8718645, 43.7445904 ] } },
{ "type": "Feature", "properties": { "nume": "SOCIETATEA DELTA HEALTH CARE SRL", "judet": "București", "city": "Municipiul București" }, "geometry": { "type": "Point", "coordinates": [ 26.0914359, 44.4834097 ] } },
{ "type": "Feature", "properties": { "nume": "INSTITUTUL ONCOLOGIC \"PROF. DR. AL. TRESTIOREANU\" BUCURESTI", "judet": "București", "city": "Municipiul București" }, "geometry": { "type": "Point", "coordinates": [ 26.1566328, 44.4633361 ] } },
{ "type": "Feature", "properties": { "nume": "SPITALUL GENERAL C.F. GALAŢI", "judet": "Galați", "city": "Galați" }, "geometry": { "type": "Point", "coordinates": [ 28.061772, 45.4391325 ] } },
{ "type": "Feature", "properties": { "nume": "SPITAL INCARMED (CARDIOLOGIE SI MEDICINA INTERNA)", "judet": "Vâlcea", "city": "Călimănești" }, "geometry": { "type": "Point", "coordinates": [ 24.3304353, 45.2580891 ] } },
{ "type": "Feature", "properties": { "nume": "SOCIETATEA SANAMED HOSPITAL SRL", "judet": "București", "city": "Municipiul București" }, "geometry": { "type": "Point", "coordinates": [ 26.1126727, 44.4442707 ] } },
{ "type": "Feature", "properties": { "nume": "CENTRUL MEDICAL SANATATEA TA", "judet": "București", "city": "Municipiul București" }, "geometry": { "type": "Point", "coordinates": [ 26.1047271, 44.4461456 ] } },
{ "type": "Feature", "properties": { "nume": "SPITALUL ORASENESC LIPOVA", "judet": "Arad", "city": "Lipova" }, "geometry": { "type": "Point", "coordinates": [ 21.6898371, 46.0905962 ] } },
{ "type": "Feature", "properties": { "nume": "SPITALUL CLINIC DE BOLI INFECTOASE SI PNEUMOFTIZIOLOGIE DR. VICTOR BABES TIMISOARA", "judet": "Timiș", "city": "Timișoara" }, "geometry": { "type": "Point", "coordinates": [ 21.2597585, 45.768714 ] } },
{ "type": "Feature", "properties": { "nume": "SPITAL MUNICIPAL BRAD", "judet": "Hunedoara", "city": "Brad" }, "geometry": { "type": "Point", "coordinates": [ 22.789994, 46.127178 ] } },
{ "type": "Feature", "properties": { "nume": "SPITALUL ORĂŞENESC TURCENI", "judet": "Gorj", "city": "Turceni" }, "geometry": { "type": "Point", "coordinates": [ 23.3700708, 44.6810758 ] } },
{ "type": "Feature", "properties": { "nume": "SPITALUL CLINIC CF NR 2 BUCURESTI", "judet": "București", "city": "Municipiul București" }, "geometry": { "type": "Point", "coordinates": [ 26.070201, 44.474126 ] } },
{ "type": "Feature", "properties": { "nume": "SPITALUL CLINIC DE URGENŢĂ DE CHIRURGIE PLASTICĂ, REPARATORIE ŞI ARSURI", "judet": "București", "city": "Municipiul București" }, "geometry": { "type": "Point", "coordinates": [ 26.0556159, 44.4640672 ] } },
{ "type": "Feature", "properties": { "nume": "SPITAL MUNICIPAL CURTEA DE ARGES CU AMBULATORIU DE SPECIALITATE INTEGRAT", "judet": "Argeș", "city": "Curtea de Argeș" }, "geometry": { "type": "Point", "coordinates": [ 24.6788808, 45.1486779 ] } },
{ "type": "Feature", "properties": { "nume": "SPITALUL DE PNEUMOFTIZIOLOGIE \"SF STEFAN\"", "judet": "București", "city": "Municipiul București" }, "geometry": { "type": "Point", "coordinates": [ 26.105232, 44.45303 ] } },
{ "type": "Feature", "properties": { "nume": "SPITALUL CLINIC DE URGENŢĂ \"SFÂNTUL IOAN\" BUCURESTI", "judet": "București", "city": "Municipiul București" }, "geometry": { "type": "Point", "coordinates": [ 26.1440155, 44.3908712 ] } },
{ "type": "Feature", "properties": { "nume": "SPITALUL CLINIC DE URGENȚĂ \" BAGDASAR - ARSENI\"", "judet": "București", "city": "Municipiul București" }, "geometry": { "type": "Point", "coordinates": [ 26.1293873, 44.384042 ] } },
{ "type": "Feature", "properties": { "nume": "SANATORIUL DE NEUROPSIHIATRIE PODRIGA", "judet": "Botoșani", "city": "Podriga" }, "geometry": { "type": "Point", "coordinates": [ 26.8296728, 48.0064405 ] } },
{ "type": "Feature", "properties": { "nume": "SPITALUL CLINIC JUDEŢEAN DE URGENŢĂ CLUJ-NAPOCA", "judet": "Cluj", "city": "Cluj-Napoca" }, "geometry": { "type": "Point", "coordinates": [ 23.583406, 46.765716 ] } },
{ "type": "Feature", "properties": { "nume": "SOCIETATEA CENTRUL MEDICAL UNIREA SRL", "judet": "Brașov", "city": "Brașov" }, "geometry": { "type": "Point", "coordinates": [ 25.6062587, 45.6511066 ] } },
{ "type": "Feature", "properties": { "nume": "SPITAL JUDEŢEAN DE URGENŢĂ CU AMBULATORIU INTEGRAT DE SPECIALITATE PITEŞTI", "judet": "Argeș", "city": "Pitești" }, "geometry": { "type": "Point", "coordinates": [ 24.8464934, 44.8715532 ] } },
{ "type": "Feature", "properties": { "nume": "SPITALUL DE PSIHIATRIE ȘI PENTRU MĂSURI DE SIGURANȚĂ PĂDURENI GRAJDURI", "judet": "Iași", "city": "Grajduri" }, "geometry": { "type": "Point", "coordinates": [ 27.5546827, 46.9932234 ] } },
{ "type": "Feature", "properties": { "nume": "SPITALUL UNIVERSITAR DE URGENTA BUCURESTI", "judet": "București", "city": "Municipiul București" }, "geometry": { "type": "Point", "coordinates": [ 26.0713119, 44.437453 ] } },
{ "type": "Feature", "properties": { "nume": "UNITATE SANITARA PUBLICA SPITALUL ORĂȘENESC ORAVIȚA", "judet": "Caraș-Severin", "city": "Oravița" }, "geometry": { "type": "Point", "coordinates": [ 21.6884469, 45.035752 ] } },
{ "type": "Feature", "properties": { "nume": "INSTITUTUL DE FONOAUDIOLOGIE ȘI CHIRURGIE FUNCȚIONALĂ ORL „PROF. DR. DORIN HOCIOTĂ”", "judet": "București", "city": "Municipiul București" }, "geometry": { "type": "Point", "coordinates": [ 26.0745384, 44.4256214 ] } },
{ "type": "Feature", "properties": { "nume": "SPITALUL DR. KARL DIEL JIMBOLIA", "judet": "Timiș", "city": "Jimbolia" }, "geometry": { "type": "Point", "coordinates": [ 20.7153332, 45.7815666 ] } },
{ "type": "Feature", "properties": { "nume": "SPITALUL CLINIC COLENTINA - SPITAL DE ADULȚI ȘI AMBULATORIU DE SPECIALITATE", "judet": "București", "city": "Municipiul București" }, "geometry": { "type": "Point", "coordinates": [ 26.11167, 44.4529349 ] } },
{ "type": "Feature", "properties": { "nume": "SPITALUL MUNICIPAL FALTICENI", "judet": "Suceava", "city": "Fălticeni" }, "geometry": { "type": "Point", "coordinates": [ 26.295784, 47.4616479 ] } },
{ "type": "Feature", "properties": { "nume": "SPITALUL ORASENESC SINAIA", "judet": "Prahova", "city": "Sinaia" }, "geometry": { "type": "Point", "coordinates": [ 25.5566007, 45.3330214 ] } },
{ "type": "Feature", "properties": { "nume": "SPITALUL ORĂŞENESC NEGREŞTI OAŞ", "judet": "Satu Mare", "city": "Negrești-Oaș" }, "geometry": { "type": "Point", "coordinates": [ 23.4243781, 47.866132 ] } },
{ "type": "Feature", "properties": { "nume": "INSTITUTUL REGIONAL DE GASTROENTEROLOGIE-HEPATOLOGIE \"PROF. DR. OCTAVIAN FODOR\" CLUJ-NAPOCA", "judet": "Cluj", "city": "Cluj-Napoca" }, "geometry": { "type": "Point", "coordinates": [ 23.5952157, 46.7742396 ] } },
{ "type": "Feature", "properties": { "nume": "SPITALUL JUDEȚEAN DE URGENȚĂ TÂRGU JIU", "judet": "Gorj", "city": "Târgu Jiu" }, "geometry": { "type": "Point", "coordinates": [ 23.2726645, 45.0314001 ] } },
{ "type": "Feature", "properties": { "nume": "SPITALUL CLINIC JUDEȚEAN DE URGENȚĂ PIUS BRÎNZEU TIMIȘOARA", "judet": "Timiș", "city": "Timișoara" }, "geometry": { "type": "Point", "coordinates": [ 21.2417975, 45.7370071 ] } },
{ "type": "Feature", "properties": { "nume": "SPITALUL JUDEȚEAN DE URGENȚĂ GIURGIU", "judet": "Giurgiu", "city": "Giurgiu" }, "geometry": { "type": "Point", "coordinates": [ 25.9678677, 43.8983924 ] } },
{ "type": "Feature", "properties": { "nume": "SPITALUL GENERAL C.F. BRASOV", "judet": "Brașov", "city": "Brașov" }, "geometry": { "type": "Point", "coordinates": [ 25.6060723, 45.6489047 ] } },
{ "type": "Feature", "properties": { "nume": "SPITALUL CLINIC DE COPII \"DR. VICTOR GOMOIU\"", "judet": "București", "city": "Municipiul București" }, "geometry": { "type": "Point", "coordinates": [ 26.1422269, 44.4330822 ] } },
{ "type": "Feature", "properties": { "nume": "SPITALUL CLINIC DE BOLI INFECŢIOASE ŞI PNEUMOFTIZIOLOGIE \"VICTOR BABEŞ\" CRAIOVA", "judet": "Dolj", "city": "Craiova" }, "geometry": { "type": "Point", "coordinates": [ 23.8334161, 44.3139925 ] } },
{ "type": "Feature", "properties": { "nume": "SPITALUL ORASENESC CORABIA", "judet": "Olt", "city": "Corabia" }, "geometry": { "type": "Point", "coordinates": [ 24.5089289, 43.7734798 ] } },
{ "type": "Feature", "properties": { "nume": "SPITALUL ORASENESC BAICOI", "judet": "Prahova", "city": "Băicoi" }, "geometry": { "type": "Point", "coordinates": [ 25.8380273, 45.0297003 ] } },
{ "type": "Feature", "properties": { "nume": "SPITALUL DE PSIHIATRIE POROSCHIA", "judet": "Teleorman", "city": "Poroschia" }, "geometry": { "type": "Point", "coordinates": [ 25.3578426, 43.94015 ] } },
{ "type": "Feature", "properties": { "nume": "INSTITUTUL NAȚIONAL DE DIABET, NUTRIȚIE ȘI BOLI METABOLICE „PROF. DR. NICOLAE PAULESCU”", "judet": "București", "city": "Municipiul București" }, "geometry": { "type": "Point", "coordinates": [ 26.1092639, 44.44502 ] } },
{ "type": "Feature", "properties": { "nume": "SPITALUL MUNICIPAL LUPENI", "judet": "Hunedoara", "city": "Lupeni" }, "geometry": { "type": "Point", "coordinates": [ 23.2193335, 45.3551333 ] } },
{ "type": "Feature", "properties": { "nume": "SPITALUL GENERAL CF SIMERIA", "judet": "Hunedoara", "city": "Simeria" }, "geometry": { "type": "Point", "coordinates": [ 23.0148786, 45.8479508 ] } },
{ "type": "Feature", "properties": { "nume": "SPITALUL GENERAL C.F.PLOIEŞTI", "judet": "Prahova", "city": "Ploiești" }, "geometry": { "type": "Point", "coordinates": [ 25.9975497, 44.9275387 ] } },
{ "type": "Feature", "properties": { "nume": "SPITALUL JUDETEAN DE URGENTA DR. TR. SEVERIN", "judet": "Mehedinți", "city": "Drobeta-Turnu Severin" }, "geometry": { "type": "Point", "coordinates": [ 22.656015, 44.642362 ] } },
{ "type": "Feature", "properties": { "nume": "SPITALUL CLINIC MUNICIPAL FILANTROPIA CRAIOVA", "judet": "Dolj", "city": "Craiova" }, "geometry": { "type": "Point", "coordinates": [ 23.7890274, 44.3255872 ] } },
{ "type": "Feature", "properties": { "nume": "SPITALUL DE RECUPERARE CU AMBULATORIU DE SPECIALITAE INTEGRAT BRĂDET", "judet": "Argeș", "city": "Brădetu" }, "geometry": { "type": "Point", "coordinates": [ 24.7584969, 45.3078087 ] } },
{ "type": "Feature", "properties": { "nume": "SPITALUL CLINIC ”DR. C. I. PARHON”", "judet": "Iași", "city": "Iași" }, "geometry": { "type": "Point", "coordinates": [ 27.5761, 47.17 ] } },
{ "type": "Feature", "properties": { "nume": "SPITALUL CLINIC DE NEFROLOGIE \"DR. CAROL DAVILA\"", "judet": "București", "city": "Municipiul București" }, "geometry": { "type": "Point", "coordinates": [ 26.0897506, 44.444564 ] } },
{ "type": "Feature", "properties": { "nume": "SPITALUL ORASENESC CUGIR", "judet": "Alba", "city": "Cugir" }, "geometry": { "type": "Point", "coordinates": [ 23.3649717, 45.8373538 ] } },
{ "type": "Feature", "properties": { "nume": "SPITALUL ORASENESC NEHOIU", "judet": "Buzău", "city": "Nehoiu" }, "geometry": { "type": "Point", "coordinates": [ 26.3009512, 45.4201332 ] } },
{ "type": "Feature", "properties": { "nume": "SPITALUL ORASENESC \"PROF.DR.IOAN PUSCAS\" SIMLEU SILVANIEI", "judet": "Sălaj", "city": "Șimleu Silvaniei" }, "geometry": { "type": "Point", "coordinates": [ 22.802831, 47.22627 ] } },
{ "type": "Feature", "properties": { "nume": "SPITALUL MUNICIPAL OLTENIȚA", "judet": "Călărași", "city": "Oltenița" }, "geometry": { "type": "Point", "coordinates": [ 26.635053, 44.080691 ] } },
{ "type": "Feature", "properties": { "nume": "SPITALUL JUDEŢEAN DE URGENŢĂ BUZĂU", "judet": "Buzău", "city": "Buzău" }, "geometry": { "type": "Point", "coordinates": [ 26.8005669, 45.1512063 ] } },
{ "type": "Feature", "properties": { "nume": "SPITALUL CLINIC DE URGENTA PENTRU COPII BRAȘOV", "judet": "Brașov", "city": "Brașov" }, "geometry": { "type": "Point", "coordinates": [ 25.586903, 45.6568234 ] } },
{ "type": "Feature", "properties": { "nume": "SPITALUL CLINIC NR.1 C.F. WITTING", "judet": "București", "city": "Municipiul București" }, "geometry": { "type": "Point", "coordinates": [ 26.071646, 44.442365 ] } },
{ "type": "Feature", "properties": { "nume": "SPITALUL JUDEŢEAN DE URGENŢĂ BRĂILA", "judet": "Brăila", "city": "Brăila" }, "geometry": { "type": "Point", "coordinates": [ 27.9409124, 45.2527766 ] } },
{ "type": "Feature", "properties": { "nume": "SPITALUL FILIȘANILOR", "judet": "Dolj", "city": "Filiași" }, "geometry": { "type": "Point", "coordinates": [ 23.5027063, 44.5582116 ] } },
{ "type": "Feature", "properties": { "nume": "SOCIETATEA MALP SRL", "judet": "Bacău", "city": "Moinești" }, "geometry": { "type": "Point", "coordinates": [ 26.4842739, 46.4674349 ] } },
{ "type": "Feature", "properties": { "nume": "SPITALUL DE PNEUMOFTIZIOLOGIE CU AMBULATORIU INTEGRAT CÂMPULUNG", "judet": "Argeș", "city": "Câmpulung Muscel" }, "geometry": { "type": "Point", "coordinates": [ 25.0474888, 45.2776999 ] } },
{ "type": "Feature", "properties": { "nume": "SANADOR SRL", "judet": "București", "city": "Municipiul București" }, "geometry": { "type": "Point", "coordinates": [ 26.0840716, 44.4493286 ] } },
{ "type": "Feature", "properties": { "nume": "SPITALUL UNIVERSITAR DE URGENTA MILITAR CENTRAL \"DR. CAROL DAVILA\"", "judet": "București", "city": "Municipiul București" }, "geometry": { "type": "Point", "coordinates": [ 26.0773896, 44.4422696 ] } },
{ "type": "Feature", "properties": { "nume": "SPITALUL MUNICIPAL DE URGENȚĂ CARANSEBEȘ", "judet": "Caraș-Severin", "city": "Caransebeș" }, "geometry": { "type": "Point", "coordinates": [ 22.2218641, 45.413619 ] } },
{ "type": "Feature", "properties": { "nume": "SPITAL MUNICIPAL MORENI", "judet": "Dâmbovița", "city": "Moreni" }, "geometry": { "type": "Point", "coordinates": [ 25.6402111, 44.9820431 ] } },
{ "type": "Feature", "properties": { "nume": "SC. CHE COSMEDICA SRL", "judet": "Maramureș", "city": "Baia Mare" }, "geometry": { "type": "Point", "coordinates": [ 23.5498452, 47.6558743 ] } },
{ "type": "Feature", "properties": { "nume": "SOCIETATEA ROCOMEDICOR SRL", "judet": "Constanța", "city": "Constanța" }, "geometry": { "type": "Point", "coordinates": [ 28.6016291, 44.1647559 ] } },
{ "type": "Feature", "properties": { "nume": "ART ESTET SRL", "judet": "Cluj", "city": "Cluj-Napoca" }, "geometry": { "type": "Point", "coordinates": [ 23.592731, 46.758885 ] } },
{ "type": "Feature", "properties": { "nume": "FEDERAŢIA CARITAS A DIECEZEI TIMIŞOARA", "judet": "Timiș", "city": "Timișoara" }, "geometry": { "type": "Point", "coordinates": [ 21.2338812, 45.7411646 ] } },
{ "type": "Feature", "properties": { "nume": "SANATORIUL DE NEVROZE PREDEAL", "judet": "Brașov", "city": "Predeal" }, "geometry": { "type": "Point", "coordinates": [ 25.5621405, 45.4889418 ] } },
{ "type": "Feature", "properties": { "nume": "SPITALUL MUNICIPAL DOROHOI", "judet": "Botoșani", "city": "Dorohoi" }, "geometry": { "type": "Point", "coordinates": [ 26.4035354, 47.945716 ] } },
{ "type": "Feature", "properties": { "nume": "SPITALUL MUNICIPAL MEDGIDIA", "judet": "Constanța", "city": "Medgidia" }, "geometry": { "type": "Point", "coordinates": [ 28.2687868, 44.2396439 ] } },
{ "type": "Feature", "properties": { "nume": "CENTRUL DE INGRIJIRE PALIATIVA \"HOSPICE\" -ASOCIATIA \"DR.CARL WOLFF\"", "judet": "Sibiu", "city": "Sibiu" }, "geometry": { "type": "Point", "coordinates": [ 24.1408366, 45.7976838 ] } },
{ "type": "Feature", "properties": { "nume": "SPITALUL ORASENESC SEGARCEA", "judet": "Dolj", "city": "Segarcea" }, "geometry": { "type": "Point", "coordinates": [ 23.743502, 44.0996321 ] } },
{ "type": "Feature", "properties": { "nume": "SPITALUL \"SFANTUL GHOERGHE\"", "judet": "Arad", "city": "Chișineu-Criș" }, "geometry": { "type": "Point", "coordinates": [ 21.515897, 46.5240447 ] } },
{ "type": "Feature", "properties": { "nume": "SOCIETATEA AMAMED SRL SPITAL DE BOLI CRONICE", "judet": "Vâlcea", "city": "Râmnicu Vâlcea" }, "geometry": { "type": "Point", "coordinates": [ 24.3697053, 45.1034792 ] } },
{ "type": "Feature", "properties": { "nume": "SPITALUL CLINIC DE URGENȚĂ PENTRU COPII „GRIGORE ALEXANDRESCU”", "judet": "București", "city": "Municipiul București" }, "geometry": { "type": "Point", "coordinates": [ 26.0945411, 44.4528546 ] } },
{ "type": "Feature", "properties": { "nume": "SPITALUL MUNICIPAL CAMPINA", "judet": "Prahova", "city": "Câmpina" }, "geometry": { "type": "Point", "coordinates": [ 25.7324113, 45.1281314 ] } },
{ "type": "Feature", "properties": { "nume": "SOCIETATEA EUROMEDICA HOSPITAL SA", "judet": "Maramureș", "city": "Baia Mare" }, "geometry": { "type": "Point", "coordinates": [ 23.5502556, 47.6556227 ] } },
{ "type": "Feature", "properties": { "nume": "SPITALUL MILITAR DE URGENȚĂ \"DR. CONSTANTIN PAPILIAN\" CLUJ-NAPOCA", "judet": "Cluj", "city": "Cluj-Napoca" }, "geometry": { "type": "Point", "coordinates": [ 23.6027729, 46.7697493 ] } },
{ "type": "Feature", "properties": { "nume": "SPITALUL MUNICIPAL DE URGENȚĂ MOINEȘTI", "judet": "Bacău", "city": "Moinești" }, "geometry": { "type": "Point", "coordinates": [ 26.4885706, 46.4767138 ] } },
{ "type": "Feature", "properties": { "nume": "SPITAL CLINIC \"DR. I.CANTACUZINO\"", "judet": "București", "city": "Municipiul București" }, "geometry": { "type": "Point", "coordinates": [ 26.1092639, 44.44502 ] } },
{ "type": "Feature", "properties": { "nume": "SPITALUL JUDEŢEAN DE URGENŢĂ SLOBOZIA", "judet": "Ialomița", "city": "Slobozia" }, "geometry": { "type": "Point", "coordinates": [ 27.3602707, 44.5664229 ] } },
{ "type": "Feature", "properties": { "nume": "SPITAL ORĂȘENESC BOLINTIN VALE", "judet": "Giurgiu", "city": "Bolintin-Vale" }, "geometry": { "type": "Point", "coordinates": [ 25.7598575, 44.447299 ] } },
{ "type": "Feature", "properties": { "nume": "SPITAL CLINIC CĂI FERATE CONSTANŢA", "judet": "Constanța", "city": "Constanța" }, "geometry": { "type": "Point", "coordinates": [ 28.6344597, 44.165428 ] } },
{ "type": "Feature", "properties": { "nume": "SOCIETATEA COMERCIALĂ \"PELICAN IMPEX\" S.R.L. ORADEA", "judet": "Bihor", "city": "Oradea" }, "geometry": { "type": "Point", "coordinates": [ 21.9164674, 47.075929 ] } },
{ "type": "Feature", "properties": { "nume": "SPITALUL DE PNEUMOFTIZIOLOGIE LEAMNA", "judet": "Dolj", "city": "Leamna de Sus" }, "geometry": { "type": "Point", "coordinates": [ 23.6835035, 44.301873 ] } },
{ "type": "Feature", "properties": { "nume": "SPITALUL JUDEŢEAN DE URGENŢĂ \"SF. IOAN CEL NOU\" SUCEAVA", "judet": "Suceava", "city": "Suceava" }, "geometry": { "type": "Point", "coordinates": [ 26.2389272, 47.6381556 ] } },
{ "type": "Feature", "properties": { "nume": "SPITALUL DE BOLI CRONICE SMEENI", "judet": "Buzău", "city": "Smeeni" }, "geometry": { "type": "Point", "coordinates": [ 26.853094, 44.998583 ] } },
{ "type": "Feature", "properties": { "nume": "SPITAL CLINIC DE OBSTETRICA GINECOLOGIE \"ELENA DOAMNA\"", "judet": "Iași", "city": "Iași" }, "geometry": { "type": "Point", "coordinates": [ 27.5987999, 47.1605277 ] } },
{ "type": "Feature", "properties": { "nume": "SOCIETATEA VITAL MEDICAL CENTER MEMORY SRL", "judet": "Iași", "city": "Valea Lupului" }, "geometry": { "type": "Point", "coordinates": [ 27.5182984, 47.182144 ] } },
{ "type": "Feature", "properties": { "nume": "SPITALUL CLINIC JUDEȚEAN DE URGENȚĂ ILFOV", "judet": "București", "city": "Municipiul București" }, "geometry": { "type": "Point", "coordinates": [ 26.1447113, 44.4326358 ] } },
{ "type": "Feature", "properties": { "nume": "SPITALUL CLINIC DE URGENŢĂ BUCUREŞTI", "judet": "București", "city": "Municipiul București" }, "geometry": { "type": "Point", "coordinates": [ 26.1013014, 44.45373 ] } },
{ "type": "Feature", "properties": { "nume": "CENTRUL DE RECUPERARE NEUROMOTORIE PRO VITAM - PUNCT DE LUCRU", "judet": "Caraș-Severin", "city": "Reșița" }, "geometry": { "type": "Point", "coordinates": [ 21.8821033, 45.3049703 ] } },
{ "type": "Feature", "properties": { "nume": "CENTRUL MEDICAL LASER SYSTEM", "judet": "Arad", "city": "Arad" }, "geometry": { "type": "Point", "coordinates": [ 21.3084558, 46.1807063 ] } },
{ "type": "Feature", "properties": { "nume": "SPITAL JUDETEAN DE URGENTA SATU MARE", "judet": "Satu Mare", "city": "Satu Mare" }, "geometry": { "type": "Point", "coordinates": [ 22.8628526, 47.7828142 ] } },
{ "type": "Feature", "properties": { "nume": "SOCIETATEA EUROTRAT SRL- SPITAL DE REABILITARE MEDICALA", "judet": "Cluj", "city": "Gherla" }, "geometry": { "type": "Point", "coordinates": [ 23.92627, 47.0306251 ] } },
{ "type": "Feature", "properties": { "nume": "SPITALUL ORĂȘENESC ȘTEI", "judet": "Bihor", "city": "Ștei" }, "geometry": { "type": "Point", "coordinates": [ 22.4591536, 46.535454 ] } },
{ "type": "Feature", "properties": { "nume": "OLANESTI RIVIERA SA - UNITATE SANATORIALA", "judet": "Vâlcea", "city": "Baile Olănești" }, "geometry": { "type": "Point", "coordinates": [ 24.2396577, 45.2033228 ] } },
{ "type": "Feature", "properties": { "nume": "SPITALUL CLINIC \"SF. MARIA\" BUCURESTI", "judet": "București", "city": "Municipiul București" }, "geometry": { "type": "Point", "coordinates": [ 26.0793555, 44.4561499 ] } },
{ "type": "Feature", "properties": { "nume": "SANATORIUL BALNEOCLIMATERIC DE COPII", "judet": "Prahova", "city": "Bușteni" }, "geometry": { "type": "Point", "coordinates": [ 25.532793, 45.417262 ] } },
{ "type": "Feature", "properties": { "nume": "INSTITUTUL DE URGENȚĂ PENTRU BOLI CARDIOVASCULARE „PROF. DR. C.C.ILIESCU”", "judet": "București", "city": "Municipiul București" }, "geometry": { "type": "Point", "coordinates": [ 26.151778, 44.464132 ] } },
{ "type": "Feature", "properties": { "nume": "SOCIETATEA CLINICA NEWMEDICS SRL", "judet": "București", "city": "Municipiul București" }, "geometry": { "type": "Point", "coordinates": [ 26.0910875, 44.3756079 ] } },
{ "type": "Feature", "properties": { "nume": "SOCIETATEA RED HOSPITAL SRL - SPITALUL SF SAVA IASI", "judet": "Iași", "city": "Iași" }, "geometry": { "type": "Point", "coordinates": [ 27.588828, 47.1453149 ] } },
{ "type": "Feature", "properties": { "nume": "SPITALUL CLINIC DE URGENTA PENTRU COPII CLUJ NAPOCA", "judet": "Cluj", "city": "Cluj-Napoca" }, "geometry": { "type": "Point", "coordinates": [ 23.5785951, 46.7659587 ] } },
{ "type": "Feature", "properties": { "nume": "SPITALUL DE BOLI CRONICE SEBIS", "judet": "Arad", "city": "Sebiș" }, "geometry": { "type": "Point", "coordinates": [ 22.1306062, 46.373035 ] } },
{ "type": "Feature", "properties": { "nume": "SPITALUL CLINIC DE URGENŢĂ PENTRU COPII ,,M.S.CURIE''", "judet": "București", "city": "Municipiul București" }, "geometry": { "type": "Point", "coordinates": [ 26.1092286, 44.3898656 ] } },
{ "type": "Feature", "properties": { "nume": "SPITAL CLINIC CĂI FERATE CLUJ NAPOCA", "judet": "Cluj", "city": "Cluj-Napoca" }, "geometry": { "type": "Point", "coordinates": [ 23.5873607, 46.7657387 ] } },
{ "type": "Feature", "properties": { "nume": "INSTITUTUL NAȚIONAL DE RECUPERARE, MEDICINĂ FIZICĂ ȘI BALNEOCLIMATOLOGIE", "judet": "București", "city": "Municipiul București" }, "geometry": { "type": "Point", "coordinates": [ 26.099448, 44.431111 ] } },
{ "type": "Feature", "properties": { "nume": "SOCIETATEA GRAL MEDICAL SRL", "judet": "București", "city": "Municipiul București" }, "geometry": { "type": "Point", "coordinates": [ 26.133499, 44.4228271 ] } },
{ "type": "Feature", "properties": { "nume": "SPITALUL CLINIC MUNICIPAL CLUJ NAPOCA", "judet": "Cluj", "city": "Cluj-Napoca" }, "geometry": { "type": "Point", "coordinates": [ 23.607332, 46.788519 ] } },
{ "type": "Feature", "properties": { "nume": "SOCIETATEA DR IRIMIA SRL", "judet": "Argeș", "city": "Pitești" }, "geometry": { "type": "Point", "coordinates": [ 24.8568725, 44.869649 ] } },
{ "type": "Feature", "properties": { "nume": "SOCIETATEA MĂGURA SA TG.OCNA BACĂU", "judet": "Bacău", "city": "Târgu Ocna" }, "geometry": { "type": "Point", "coordinates": [ 26.6072559, 46.2793579 ] } },
{ "type": "Feature", "properties": { "nume": "SPITALUL CLINIC DE ORTOPEDIE, TRAUMATOLOGIE SI TBC OSTEOARTICULAR FOISOR", "judet": "București", "city": "Municipiul București" }, "geometry": { "type": "Point", "coordinates": [ 26.121358, 44.440384 ] } },
{ "type": "Feature", "properties": { "nume": "SPITALUL GENERAL CĂI FERATE DROBETA TURNU SEVERIN", "judet": "Mehedinți", "city": "Drobeta-Turnu Severin" }, "geometry": { "type": "Point", "coordinates": [ 22.640382, 44.623537 ] } },
{ "type": "Feature", "properties": { "nume": "SPITALUL JUDETEAN DE URGENTA CALARASI \"DR. POMPEI SAMARIAN\"", "judet": "Călărași", "city": "Călărași" }, "geometry": { "type": "Point", "coordinates": [ 27.3276273, 44.1935998 ] } },
{ "type": "Feature", "properties": { "nume": "SPITALUL JUDEŢEAN DE URGENŢĂ PLOIEŞTI", "judet": "Prahova", "city": "Ploiești" }, "geometry": { "type": "Point", "coordinates": [ 26.0082838, 44.9627407 ] } },
{ "type": "Feature", "properties": { "nume": "SPITALUL CLINIC DE PNEUMOFTIZIOLOGIE CONSTANTA", "judet": "Constanța", "city": "Constanța" }, "geometry": { "type": "Point", "coordinates": [ 28.6016654, 44.2310877 ] } },
{ "type": "Feature", "properties": { "nume": "SPITALUL JUDETEAN DE URGENTA ALEXANDRIA", "judet": "Teleorman", "city": "Alexandria" }, "geometry": { "type": "Point", "coordinates": [ 25.313665, 43.9793 ] } },
{ "type": "Feature", "properties": { "nume": "FUNDAȚIA HOSPICE CASA SPERANȚEI", "judet": "Brașov", "city": "Brașov" }, "geometry": { "type": "Point", "coordinates": [ 25.596865, 45.6527079 ] } },
{ "type": "Feature", "properties": { "nume": "SPITALUL ORASENESC VISEU DE SUS", "judet": "Maramureș", "city": "Vișeu de Sus" }, "geometry": { "type": "Point", "coordinates": [ 24.4263879, 47.7078794 ] } },
{ "type": "Feature", "properties": { "nume": "SPITALUL CLINIC NICOLAE MALAXA", "judet": "București", "city": "Municipiul București" }, "geometry": { "type": "Point", "coordinates": [ 26.1768336, 44.4380425 ] } },
{ "type": "Feature", "properties": { "nume": "SPITALUL MILITAR DE URGENŢĂ \"REGINA MARIA\" BRAŞOV", "judet": "Brașov", "city": "Brașov" }, "geometry": { "type": "Point", "coordinates": [ 25.6000084, 45.6443687 ] } },
{ "type": "Feature", "properties": { "nume": "SPITALUL ORĂȘENESC INEU", "judet": "Arad", "city": "Ineu" }, "geometry": { "type": "Point", "coordinates": [ 21.8337818, 46.4242975 ] } },
{ "type": "Feature", "properties": { "nume": "SPITALUL ORASENESC BECLEAN", "judet": "Bistrița-Năsăud", "city": "Beclean" }, "geometry": { "type": "Point", "coordinates": [ 24.1866465, 47.1832862 ] } },
{ "type": "Feature", "properties": { "nume": "SPITALUL CLINIC DE URGENTA \"PROF.DR.N.OBLU\" IASI", "judet": "Iași", "city": "Iași" }, "geometry": { "type": "Point", "coordinates": [ 27.60772, 47.16141 ] } },
{ "type": "Feature", "properties": { "nume": "SPITALUL JUDETEAN DE URGENTA DEVA", "judet": "Hunedoara", "city": "Deva" }, "geometry": { "type": "Point", "coordinates": [ 22.9048988, 45.8767965 ] } },
{ "type": "Feature", "properties": { "nume": "S.C. COMPLEX BALNEAR ȘI DE RECUPERARE C.A.A. S.R.L.", "judet": "Constanța", "city": "Techirghiol" }, "geometry": { "type": "Point", "coordinates": [ 28.6053047, 44.0495104 ] } },
{ "type": "Feature", "properties": { "nume": "SPITAL CLINIC JUDEŢEAN DE URGENŢĂ BRAŞOV", "judet": "Brașov", "city": "Brașov" }, "geometry": { "type": "Point", "coordinates": [ 25.619894, 45.6486251 ] } },
{ "type": "Feature", "properties": { "nume": "SPITALUL DE RECUPERARE \"SF. GHEORGHE\" BOTOSANI", "judet": "Botoșani", "city": "Botoșani" }, "geometry": { "type": "Point", "coordinates": [ 26.61996, 47.759409 ] } },
{ "type": "Feature", "properties": { "nume": "SPITALUL DE PNEUMOFTIZIOLOGIE TUDOR VLADIMIRESCU", "judet": "Gorj", "city": "Runcu" }, "geometry": { "type": "Point", "coordinates": [ 23.1316621, 45.1692542 ] } },
{ "type": "Feature", "properties": { "nume": "INSTITUTUL ONCOLOGIC \"PROF. DR. I. CHIRICUȚĂ\"", "judet": "Cluj", "city": "Cluj-Napoca" }, "geometry": { "type": "Point", "coordinates": [ 23.5876803, 46.762177 ] } },
{ "type": "Feature", "properties": { "nume": "SPITAL PSIHIATRIE NUCET", "judet": "Bihor", "city": "Nucet" }, "geometry": { "type": "Point", "coordinates": [ 22.5547501, 46.4878422 ] } },
{ "type": "Feature", "properties": { "nume": "SPITALUL DE PEDIATRIE PITESTI", "judet": "Argeș", "city": "Pitești" }, "geometry": { "type": "Point", "coordinates": [ 24.8655389, 44.850947 ] } },
{ "type": "Feature", "properties": { "nume": "SPITALUL SF SAVA S.R.L.", "judet": "Buzău", "city": "Buzău" }, "geometry": { "type": "Point", "coordinates": [ 26.822792, 45.149215 ] } },
{ "type": "Feature", "properties": { "nume": "SPITALUL CLINIC DE PSIHIATRIE „PROF. DR. ALEXANDRU OBREGIA”", "judet": "București", "city": "Municipiul București" }, "geometry": { "type": "Point", "coordinates": [ 26.127184, 44.387377 ] } },
{ "type": "Feature", "properties": { "nume": "SPITALUL DE PSIHIATRIE TULGHES", "judet": "Harghita", "city": "Tulgheș" }, "geometry": { "type": "Point", "coordinates": [ 25.7603489, 46.9578874 ] } },
{ "type": "Feature", "properties": { "nume": "SPITALUL ORASENESC CERNAVODA", "judet": "Constanța", "city": "Cernavodă" }, "geometry": { "type": "Point", "coordinates": [ 28.0427074, 44.33931 ] } },
{ "type": "Feature", "properties": { "nume": "SPITALUL CLINIC JUDEȚEAN DE URGENȚE SF. SPIRIDON IAȘI", "judet": "Iași", "city": "Iași" }, "geometry": { "type": "Point", "coordinates": [ 27.5811291, 47.169264 ] } },
{ "type": "Feature", "properties": { "nume": "SPITALUL DE RECUPERARE CARDIOVASCULARA DR.BENEDEK GEZA", "judet": "Covasna", "city": "Covasna" }, "geometry": { "type": "Point", "coordinates": [ 26.2097534, 45.8452752 ] } },
{ "type": "Feature", "properties": { "nume": "SPITALUL PROVIDENȚA IASI", "judet": "Iași", "city": "Iași" }, "geometry": { "type": "Point", "coordinates": [ 27.5675951, 47.126844 ] } },
{ "type": "Feature", "properties": { "nume": "SPITALUL ORASENESC SANNICOLAU MARE", "judet": "Timiș", "city": "Sânnicolau Mare" }, "geometry": { "type": "Point", "coordinates": [ 20.636097, 46.068389 ] } },
{ "type": "Feature", "properties": { "nume": "SPITALUL CLINIC DE BOLI INFECTIOASE CONSTANTA", "judet": "Constanța", "city": "Constanța" }, "geometry": { "type": "Point", "coordinates": [ 28.6384116, 44.1709821 ] } },
{ "type": "Feature", "properties": { "nume": "SPITALUL CLINIC DE RECUPERARE MEDICALĂ BĂILE FELIX", "judet": "Bihor", "city": "Băile Felix" }, "geometry": { "type": "Point", "coordinates": [ 21.9834387, 46.9921445 ] } },
{ "type": "Feature", "properties": { "nume": "PENITENCIAR SPITAL POARTA ALBA", "judet": "Constanța", "city": "Poarta Albă" }, "geometry": { "type": "Point", "coordinates": [ 28.3952943, 44.2062162 ] } },
{ "type": "Feature", "properties": { "nume": "SPITALUL MUNICIPAL TOPLITA", "judet": "Harghita", "city": "Toplița" }, "geometry": { "type": "Point", "coordinates": [ 25.3559475, 46.9220872 ] } },
{ "type": "Feature", "properties": { "nume": "SPITALUL DE PSIHIATRIE MURGENI", "judet": "Vaslui", "city": "Murgeni" }, "geometry": { "type": "Point", "coordinates": [ 28.0185279, 46.2055438 ] } },
{ "type": "Feature", "properties": { "nume": "SPITALUL ORĂȘENESC TG. BUJOR", "judet": "Galați", "city": "Târgu Bujor" }, "geometry": { "type": "Point", "coordinates": [ 27.9130686, 45.8694026 ] } },
{ "type": "Feature", "properties": { "nume": "SPITALUL ORASENESC BAIA DE ARAMA", "judet": "Mehedinți", "city": "Baia de Aramă" }, "geometry": { "type": "Point", "coordinates": [ 22.8119052, 44.9971528 ] } },
{ "type": "Feature", "properties": { "nume": "SPITALUL DE PSIHIATRIE GĂTAIA", "judet": "Timiș", "city": "Gătaia" }, "geometry": { "type": "Point", "coordinates": [ 21.4309592, 45.4265209 ] } },
{ "type": "Feature", "properties": { "nume": "SPITALUL DE PSIHIATRIE TITAN ''DR. CONSTANTIN GORGOS''", "judet": "București", "city": "Municipiul București" }, "geometry": { "type": "Point", "coordinates": [ 26.1651401, 44.4206258 ] } },
{ "type": "Feature", "properties": { "nume": "SPITALUL MUNICIPAL CALAFAT", "judet": "Dolj", "city": "Calafat" }, "geometry": { "type": "Point", "coordinates": [ 22.941903, 43.9948989 ] } },
{ "type": "Feature", "properties": { "nume": "SPITALUL DE PSIHIATRIE CRONICI SCHITU GRECI", "judet": "Olt", "city": "Schitu" }, "geometry": { "type": "Point", "coordinates": [ 24.545041, 44.3189824 ] } },
{ "type": "Feature", "properties": { "nume": "SPITALUL CLINIC JUDEȚEAN DE URGENȚĂ ”SF. APOSTOL ANDREI” CONSTANȚA", "judet": "Constanța", "city": "Constanța" }, "geometry": { "type": "Point", "coordinates": [ 28.6435012, 44.1857682 ] } },
{ "type": "Feature", "properties": { "nume": "SPITALUL MUNICIPAL DEJ", "judet": "Cluj", "city": "Dej" }, "geometry": { "type": "Point", "coordinates": [ 23.881832, 47.1416761 ] } },
{ "type": "Feature", "properties": { "nume": "SPITALUL MUNICIPAL \"SF. DOCTORI COSMA SI DAMIAN\" RĂDĂUŢI", "judet": "Suceava", "city": "Rădăuți" }, "geometry": { "type": "Point", "coordinates": [ 25.926628, 47.838053 ] } },
{ "type": "Feature", "properties": { "nume": "MED LIFE SA", "judet": "București", "city": "Municipiul București" }, "geometry": { "type": "Point", "coordinates": [ 26.0544731, 44.464949 ] } },
{ "type": "Feature", "properties": { "nume": "SPITALUL ORĂȘENESC HÂRȘOVA", "judet": "Constanța", "city": "Hârșova" }, "geometry": { "type": "Point", "coordinates": [ 27.9522938, 44.6912779 ] } },
{ "type": "Feature", "properties": { "nume": "INSTITUTUL INIMII DE URGENŢĂ PENTRU BOLI CARDIOVASCULARE \"NICULAE STĂNCIOIU\" CLUJ-NAPOCA", "judet": "Cluj", "city": "Cluj-Napoca" }, "geometry": { "type": "Point", "coordinates": [ 23.5833312, 46.7667756 ] } },
{ "type": "Feature", "properties": { "nume": "SPITALUL MILITAR DE URGENȚĂ DR. ION JIANU PITEȘTI", "judet": "Argeș", "city": "Pitești" }, "geometry": { "type": "Point", "coordinates": [ 24.8615359, 44.8645781 ] } },
{ "type": "Feature", "properties": { "nume": "SPITALUL MUNICIPAL VULCAN", "judet": "Hunedoara", "city": "Vulcan" }, "geometry": { "type": "Point", "coordinates": [ 23.2965119, 45.3765659 ] } },
{ "type": "Feature", "properties": { "nume": "SPITALUL GENERAL C.F. SIBIU", "judet": "Sibiu", "city": "Sibiu" }, "geometry": { "type": "Point", "coordinates": [ 24.1560653, 45.7921125 ] } },
{ "type": "Feature", "properties": { "nume": "S.C. NOVA VITA HOSPITAL S.A.", "judet": "Mureș", "city": "Târgu Mureș" }, "geometry": { "type": "Point", "coordinates": [ 24.553164, 46.536229 ] } },
{ "type": "Feature", "properties": { "nume": "SPITALUL MUNICIPAL ODORHEIU SECUIESC", "judet": "Harghita", "city": "Odorheiu Secuiesc" }, "geometry": { "type": "Point", "coordinates": [ 25.3001479, 46.3088945 ] } },
{ "type": "Feature", "properties": { "nume": "SPITALUL DE PSIHIATRIE SĂPUNARI", "judet": "Călărași", "city": "Săpunari" }, "geometry": { "type": "Point", "coordinates": [ 26.8335965, 44.4947717 ] } },
{ "type": "Feature", "properties": { "nume": "SPITALUL ORASENESC HOREZU", "judet": "Vâlcea", "city": "Horezu" }, "geometry": { "type": "Point", "coordinates": [ 23.991712, 45.1442059 ] } },
{ "type": "Feature", "properties": { "nume": "SPITALUL CLINIC JUDEȚEAN DE URGENȚĂ TÂRGU MUREȘ", "judet": "Mureș", "city": "Târgu Mureș" }, "geometry": { "type": "Point", "coordinates": [ 24.5837403, 46.5599388 ] } },
{ "type": "Feature", "properties": { "nume": "SPITALUL MUNICIPAL \"PROF. DR. IRINEL POPESCU\" BĂILEȘTI", "judet": "Dolj", "city": "Băilești" }, "geometry": { "type": "Point", "coordinates": [ 23.3493981, 44.0303991 ] } },
{ "type": "Feature", "properties": { "nume": "SPITALUL JUDEȚEAN DE URGENȚĂ REȘIȚA", "judet": "Caraș-Severin", "city": "Reșița" }, "geometry": { "type": "Point", "coordinates": [ 21.880323, 45.3252788 ] } },
{ "type": "Feature", "properties": { "nume": "SOCIETATEA ASCLEPIOS SRL", "judet": "Constanța", "city": "Eforie Sud" }, "geometry": { "type": "Point", "coordinates": [ 28.6523822, 44.028583 ] } },
{ "type": "Feature", "properties": { "nume": "SPITAL ORASENESC SANGEORGIU DE PADURE", "judet": "Mureș", "city": "Sângeorgiu de Pădure" }, "geometry": { "type": "Point", "coordinates": [ 24.8369177, 46.4320318 ] } },
{ "type": "Feature", "properties": { "nume": "SPITALUL ORASENESC PANCIU", "judet": "Vrancea", "city": "Panciu" }, "geometry": { "type": "Point", "coordinates": [ 27.0864462, 45.9097303 ] } },
{ "type": "Feature", "properties": { "nume": "SPITALUL MUNICIPAL \"DR. ALEXANDRU SIMIONESCU\" HUNEDOARA", "judet": "Hunedoara", "city": "Hunedoara" }, "geometry": { "type": "Point", "coordinates": [ 22.9040655, 45.7511825 ] } },
{ "type": "Feature", "properties": { "nume": "SOCIETATEA EUROMATERNA SA", "judet": "Constanța", "city": "Constanța" }, "geometry": { "type": "Point", "coordinates": [ 28.6137612, 44.2013043 ] } },
{ "type": "Feature", "properties": { "nume": "SPITALUL DE BOLI INFECŢIOASE ŞI PSIHIATRIE BAIA MARE", "judet": "Maramureș", "city": "Baia Mare" }, "geometry": { "type": "Point", "coordinates": [ 23.5909293, 47.6608699 ] } },
{ "type": "Feature", "properties": { "nume": "CENTRUL MEDICAL DE EVALUARE, TERAPIE, EDUCAŢIE MEDICALĂ SPECIFICĂ ȘI RECUPERARE PENTRU COPII ŞI TINERI \"CRISTIAN ŞERBAN\"", "judet": "Timiș", "city": "Buziaș" }, "geometry": { "type": "Point", "coordinates": [ 21.6103966, 45.6495606 ] } },
{ "type": "Feature", "properties": { "nume": "PENITENCIARUL- SPITAL TG.OCNA", "judet": "Bacău", "city": "Târgu Ocna" }, "geometry": { "type": "Point", "coordinates": [ 26.5965965, 46.2804049 ] } },
{ "type": "Feature", "properties": { "nume": "SPITALUL ORASENESC BREZOI", "judet": "Vâlcea", "city": "Brezoi" }, "geometry": { "type": "Point", "coordinates": [ 24.2453888, 45.3414098 ] } },
{ "type": "Feature", "properties": { "nume": "GENESYS MEDICAL CLINIC SRL", "judet": "Arad", "city": "Arad" }, "geometry": { "type": "Point", "coordinates": [ 21.3458539, 46.1745825 ] } },
{ "type": "Feature", "properties": { "nume": "SPITALUL DE PNEUMOFTIZIOLOGIE AIUD", "judet": "Alba", "city": "Aiud" }, "geometry": { "type": "Point", "coordinates": [ 23.718651, 46.305611 ] } },
{ "type": "Feature", "properties": { "nume": "SPITALUL DE PNEUMOFTIZIOLOGIE \"DR. NICOLAE RUȘDEA\"", "judet": "Maramureș", "city": "Baia Mare" }, "geometry": { "type": "Point", "coordinates": [ 23.5506258, 47.6621129 ] } },
{ "type": "Feature", "properties": { "nume": "SPITALUL ORĂŞENESC ALEŞD", "judet": "Bihor", "city": "Aleșd" }, "geometry": { "type": "Point", "coordinates": [ 22.3937876, 47.0598422 ] } },
{ "type": "Feature", "properties": { "nume": "S.C. CLINICA PALADE S.R.L.", "judet": "Bacău", "city": "Bacău" }, "geometry": { "type": "Point", "coordinates": [ 26.9145569, 46.5556717 ] } },
{ "type": "Feature", "properties": { "nume": "SPITALUL JUDEȚEAN DE URGENȚĂ \"SF.PANTELIMON\" FOCȘANI", "judet": "Vrancea", "city": "Focșani" }, "geometry": { "type": "Point", "coordinates": [ 27.1926708, 45.7051002 ] } },
{ "type": "Feature", "properties": { "nume": "SPITAL MUNICIPAL 'DR. POP MIRCEA' MARGHITA", "judet": "Bihor", "city": "Marghita" }, "geometry": { "type": "Point", "coordinates": [ 22.3389222, 47.3471273 ] } },
{ "type": "Feature", "properties": { "nume": "SOCIETATEA ONIOPTIC MEDICAL PD SRL", "judet": "Dolj", "city": "Craiova" }, "geometry": { "type": "Point", "coordinates": [ 23.7943318, 44.3218383 ] } },
{ "type": "Feature", "properties": { "nume": "SOCIETATEA DENTIRAD HOSPITAL SRL", "judet": "Prahova", "city": "Plopeni" }, "geometry": { "type": "Point", "coordinates": [ 25.9508116, 45.0505516 ] } },
{ "type": "Feature", "properties": { "nume": "SPITALUL ORĂȘENESC CISNĂDIE", "judet": "Sibiu", "city": "Cisnădie" }, "geometry": { "type": "Point", "coordinates": [ 24.1455907, 45.7093053 ] } },
{ "type": "Feature", "properties": { "nume": "SOCIETATEA COMERCIALA CLINICA SOMEȘAN SRL BAIA MARE", "judet": "Maramureș", "city": "Baia Mare" }, "geometry": { "type": "Point", "coordinates": [ 23.5824789, 47.643787 ] } },
{ "type": "Feature", "properties": { "nume": "CENTRUL MEDICAL DE INGRIJIRI PALEATIVE SF. ELENA S.R.L.", "judet": "Dolj", "city": "Craiova" }, "geometry": { "type": "Point", "coordinates": [ 23.8028204, 44.3149405 ] } },
{ "type": "Feature", "properties": { "nume": "SOCIETATEA CLINIC GROUP SRL", "judet": "Bacău", "city": "Bacău" }, "geometry": { "type": "Point", "coordinates": [ 26.9099711, 46.5656595 ] } },
{ "type": "Feature", "properties": { "nume": "S.C. ONCOPREMIUM-TEAM S.R.L.", "judet": "Maramureș", "city": "Baia Mare" }, "geometry": { "type": "Point", "coordinates": [ 23.575007, 47.65329 ] } },
{ "type": "Feature", "properties": { "nume": "SOCIETATEA TOP MED BUNAVESTIRE SRL", "judet": "Dolj", "city": "Craiova" }, "geometry": { "type": "Point", "coordinates": [ 23.7965209, 44.309847 ] } },
{ "type": "Feature", "properties": { "nume": "SOCIETATEA CENTRUL MEDICAL \"SF. STEFAN\" SRL", "judet": "Timiș", "city": "Timișoara" }, "geometry": { "type": "Point", "coordinates": [ 21.2516029, 45.7644034 ] } },
{ "type": "Feature", "properties": { "nume": "CENTRU MEDICAL DE RADIOTERAPIE ȘI CHIMIOTERAPIE ADULTI ȘI COPII", "judet": "Cluj", "city": "Florești" }, "geometry": { "type": "Point", "coordinates": [ 23.526899, 46.7489122 ] } },
{ "type": "Feature", "properties": { "nume": "S.C. M-PROFILAXIS S.R.L.", "judet": "Timiș", "city": "Timișoara" }, "geometry": { "type": "Point", "coordinates": [ 21.2355166, 45.7312832 ] } },
{ "type": "Feature", "properties": { "nume": "SPITALUL \"PROF. DR. CONSTANTIN ANGELESCU\"", "judet": "București", "city": "Municipiul București" }, "geometry": { "type": "Point", "coordinates": [ 26.112913, 44.4277 ] } },
{ "type": "Feature", "properties": { "nume": "SOCIETATEA DARIUS MEDICAL CENTER SRL", "judet": "Prahova", "city": "Plopeni" }, "geometry": { "type": "Point", "coordinates": [ 25.954592, 45.0431303 ] } },
{ "type": "Feature", "properties": { "nume": "SOCIETATEA CENTRUL MEDICAL CĂTALINA SRL", "judet": "Maramureș", "city": "Coltău" }, "geometry": { "type": "Point", "coordinates": [ 23.5219958, 47.5963088 ] } },
{ "type": "Feature", "properties": { "nume": "CENTRU MEDICAL SPERANTA PENTRU VIATA SRL", "judet": "Arad", "city": "Ineu" }, "geometry": { "type": "Point", "coordinates": [ 21.840539, 46.4310262 ] } },
{ "type": "Feature", "properties": { "nume": "SPITALUL ORĂŞENESC ŢĂNDĂREI", "judet": "Ialomița", "city": "Țăndărei" }, "geometry": { "type": "Point", "coordinates": [ 27.670519, 44.6398572 ] } },
{ "type": "Feature", "properties": { "nume": "SOCIETATEA SPITAL LOTUS SRL", "judet": "Prahova", "city": "Ploiești" }, "geometry": { "type": "Point", "coordinates": [ 26.0166002, 44.9394154 ] } },
{ "type": "Feature", "properties": { "nume": "NUTRILIFE SRL", "judet": "București", "city": "Municipiul București" }, "geometry": { "type": "Point", "coordinates": [ 26.07769, 44.491013 ] } },
{ "type": "Feature", "properties": { "nume": "SPITAL BOLI CRONICE CALINESTI CU AMBULATORIU INTEGRAT", "judet": "Argeș", "city": "Călinești" }, "geometry": { "type": "Point", "coordinates": [ 25.0443468, 44.8290757 ] } },
{ "type": "Feature", "properties": { "nume": "SOCIETATEA CABINET MEDICAL BOANA SRL", "judet": "Bacău", "city": "Bacău" }, "geometry": { "type": "Point", "coordinates": [ 26.9135406, 46.5559936 ] } },
{ "type": "Feature", "properties": { "nume": "SOCIETATEA CENTRUL MEDICAL POLICLINICO DI MONZA SRL", "judet": "București", "city": "Municipiul București" }, "geometry": { "type": "Point", "coordinates": [ 26.149141, 44.438912 ] } },
{ "type": "Feature", "properties": { "nume": "SOCIETATEA RAPITEST CLINICA SRL", "judet": "Vâlcea", "city": "Râmnicu Vâlcea" }, "geometry": { "type": "Point", "coordinates": [ 24.3698644, 45.1031187 ] } },
{ "type": "Feature", "properties": { "nume": "SOCIETATEA MEDICAL CENTER SPITAL SRL", "judet": "Tulcea", "city": "Tulcea" }, "geometry": { "type": "Point", "coordinates": [ 28.8086331, 45.174528 ] } },
{ "type": "Feature", "properties": { "nume": "SOCIETATEA A&C MEDICAL PRIME SRL", "judet": "Dolj", "city": "Craiova" }, "geometry": { "type": "Point", "coordinates": [ 23.8099551, 44.3172555 ] } },
{ "type": "Feature", "properties": { "nume": "CENTRUL DE SANATATE MULTIFUNCTIONAL BRATCA", "judet": "Bihor", "city": "Bratca" }, "geometry": { "type": "Point", "coordinates": [ 22.6053445, 46.9242078 ] } },
{ "type": "Feature", "properties": { "nume": "SOCIETATEA SERVICII PALIATIVE SRL", "judet": "Suceava", "city": "Ilișești" }, "geometry": { "type": "Point", "coordinates": [ 26.0420968, 47.6092573 ] } },
{ "type": "Feature", "properties": { "nume": "SPITALUL CLINIC DE NEUROPSIHIATRIE CRAIOVA", "judet": "Dolj", "city": "Craiova" }, "geometry": { "type": "Point", "coordinates": [ 23.816594, 44.3180825 ] } },
{ "type": "Feature", "properties": { "nume": "SPITALUL PRIVAT S.C. BETHESDA S.R.L.", "judet": "Suceava", "city": "Suceava" }, "geometry": { "type": "Point", "coordinates": [ 26.2825981, 47.6732822 ] } },
{ "type": "Feature", "properties": { "nume": "SPITALUL CLINIC DE URGENŢĂ “PROF.DR. AGRIPPA IONESCU”", "judet": "București", "city": "Municipiul București" }, "geometry": { "type": "Point", "coordinates": [ 26.0796719, 44.4586106 ] } },
{ "type": "Feature", "properties": { "nume": "SPITAL MUNICIPAL DE URGENTA \"ELENA BELDIMAN\" BARLAD", "judet": "Vaslui", "city": "Bârlad" }, "geometry": { "type": "Point", "coordinates": [ 27.672451, 46.234882 ] } },
{ "type": "Feature", "properties": { "nume": "SPITALUL DE PSIHIATRIE ȘI PENTRU MĂSURI DE SIGURANȚĂ JEBEL", "judet": "Timiș", "city": "Jebel" }, "geometry": { "type": "Point", "coordinates": [ 21.2144956, 45.5623937 ] } },
{ "type": "Feature", "properties": { "nume": "SOCIETATEA MEDISPROF SRL", "judet": "Cluj", "city": "Cluj-Napoca" }, "geometry": { "type": "Point", "coordinates": [ 23.6040217, 46.7869526 ] } },
{ "type": "Feature", "properties": { "nume": "SPITALUL ORASENESC NOVACI", "judet": "Gorj", "city": "Novaci" }, "geometry": { "type": "Point", "coordinates": [ 23.664361, 45.172635 ] } },
{ "type": "Feature", "properties": { "nume": "SPITALUL ORĂŞENESC HUEDIN", "judet": "Cluj", "city": "Huedin" }, "geometry": { "type": "Point", "coordinates": [ 23.0154832, 46.8627109 ] } },
{ "type": "Feature", "properties": { "nume": "SPITALUL CLINIC DE RECUPERARE CLUJ-NAPOCA", "judet": "Cluj", "city": "Cluj-Napoca" }, "geometry": { "type": "Point", "coordinates": [ 23.5822166, 46.7547213 ] } },
{ "type": "Feature", "properties": { "nume": "SPITALUL MUNICIPAL SIGHIŞOARA", "judet": "Mureș", "city": "Sighișoara" }, "geometry": { "type": "Point", "coordinates": [ 24.786541, 46.220995 ] } },
{ "type": "Feature", "properties": { "nume": "S.C. COSAMEXT S.R.L.-CENTRUL MEDICAL PULS-SPITAL PRIVAT", "judet": "Mureș", "city": "Târgu Mureș" }, "geometry": { "type": "Point", "coordinates": [ 24.57442, 46.55101 ] } },
{ "type": "Feature", "properties": { "nume": "SPITALUL MUNICIPAL SALONTA", "judet": "Bihor", "city": "Salonta" }, "geometry": { "type": "Point", "coordinates": [ 21.6489828, 46.8052877 ] } },
{ "type": "Feature", "properties": { "nume": "SPITALUL CLINIC JUDEȚEAN DE URGENȚĂ ORADEA", "judet": "Bihor", "city": "Oradea" }, "geometry": { "type": "Point", "coordinates": [ 21.9387171, 47.0618742 ] } },
{ "type": "Feature", "properties": { "nume": "PREVENTORIUL TBC DE COPII", "judet": "Bistrița-Năsăud", "city": "Ilișua" }, "geometry": { "type": "Point", "coordinates": [ 24.0911556, 47.2197458 ] } },
{ "type": "Feature", "properties": { "nume": "SOCIETATEA RUR MEDICAL SA", "judet": "Brașov", "city": "Brașov" }, "geometry": { "type": "Point", "coordinates": [ 25.613232, 45.650186 ] } },
{ "type": "Feature", "properties": { "nume": "SPITALUL MUNICIPAL PLOIEŞTI", "judet": "Prahova", "city": "Ploiești" }, "geometry": { "type": "Point", "coordinates": [ 26.0207984, 44.9308805 ] } },
{ "type": "Feature", "properties": { "nume": "SPITALUL DE ORTOPEDIESI TRAUMATOLOGIE AZUGA", "judet": "Prahova", "city": "Azuga" }, "geometry": { "type": "Point", "coordinates": [ 25.5537509, 45.426327 ] } },
{ "type": "Feature", "properties": { "nume": "SPITALUL DE PSIHIATRIE ŞI PENTRU MĂSURI DE SIGURANŢĂ SĂPOCA", "judet": "Buzău", "city": "Săpoca" }, "geometry": { "type": "Point", "coordinates": [ 26.7456174, 45.2386029 ] } },
{ "type": "Feature", "properties": { "nume": "CARDIO MED S.R.L. TÂRGU MUREȘ", "judet": "Mureș", "city": "Târgu Mureș" }, "geometry": { "type": "Point", "coordinates": [ 24.5514392, 46.5385862 ] } },
{ "type": "Feature", "properties": { "nume": "SPITAL - CENTRUL MEDICAL TOPMED", "judet": "Mureș", "city": "Târgu Mureș" }, "geometry": { "type": "Point", "coordinates": [ 24.552729, 46.536472 ] } },
{ "type": "Feature", "properties": { "nume": "SPITALUL DE PNEUMOFTIZIOLOGIE SATU MARE", "judet": "Satu Mare", "city": "Satu Mare" }, "geometry": { "type": "Point", "coordinates": [ 22.8862491, 47.7916147 ] } },
{ "type": "Feature", "properties": { "nume": "SOCIETATEA MANITOU MED SRL CLINICA GYNOPRAX", "judet": "Satu Mare", "city": "Satu Mare" }, "geometry": { "type": "Point", "coordinates": [ 22.8575926, 47.8016702 ] } },
{ "type": "Feature", "properties": { "nume": "S.C. ECOMED S.R.L. VINTILA-VODA", "judet": "Buzău", "city": "Vintilă Vodă" }, "geometry": { "type": "Point", "coordinates": [ 26.7250302, 45.471673 ] } },
{ "type": "Feature", "properties": { "nume": "SPITALUL DE PSIHIATRIE \" ELISABETA DOAMNA\" GALATI", "judet": "Galați", "city": "Galați" }, "geometry": { "type": "Point", "coordinates": [ 28.0389539, 45.4593428 ] } },
{ "type": "Feature", "properties": { "nume": "SPITALUL DE PSIHIATRIE", "judet": "Suceava", "city": "Câmpulung Moldovenesc" }, "geometry": { "type": "Point", "coordinates": [ 25.5606227, 47.5277968 ] } },
{ "type": "Feature", "properties": { "nume": "SPITALUL ORĂŞENESC ZIMNICEA", "judet": "Teleorman", "city": "Zimnicea" }, "geometry": { "type": "Point", "coordinates": [ 25.361492, 43.650679 ] } },
{ "type": "Feature", "properties": { "nume": "PENITENCIARUL SPITAL DEJ", "judet": "Cluj", "city": "Dej" }, "geometry": { "type": "Point", "coordinates": [ 23.8750774, 47.1451 ] } },
{ "type": "Feature", "properties": { "nume": "SPITALUL MILITAR DE URGENTA \"DR. ARISTIDE SERFIOTI\" GALATI", "judet": "Galați", "city": "Galați" }, "geometry": { "type": "Point", "coordinates": [ 28.0430206, 45.4492407 ] } },
{ "type": "Feature", "properties": { "nume": "SPITALUL CLINIC DE RECUPERARE IASI", "judet": "Iași", "city": "Iași" }, "geometry": { "type": "Point", "coordinates": [ 27.5739282, 47.1493752 ] } },
{ "type": "Feature", "properties": { "nume": "SOCIETATEA CMC PRAXIS SRL", "judet": "Alba", "city": "Alba Iulia" }, "geometry": { "type": "Point", "coordinates": [ 23.5621847, 46.0798041 ] } },
{ "type": "Feature", "properties": { "nume": "SPITALUL CLINIC DE PSIHIATRIE ȘI NEUROLOGIE BRAȘOV", "judet": "Brașov", "city": "Brașov" }, "geometry": { "type": "Point", "coordinates": [ 25.5843948, 45.6379639 ] } },
{ "type": "Feature", "properties": { "nume": "SANATORIUL BALNEAR ŞI DE RECUPERARE MANGALIA", "judet": "Constanța", "city": "Mangalia" }, "geometry": { "type": "Point", "coordinates": [ 28.5821696, 43.8086004 ] } },
{ "type": "Feature", "properties": { "nume": "S.C. CENTRUL MEDICAL UNIREA SRL", "judet": "București", "city": "Municipiul București" }, "geometry": { "type": "Point", "coordinates": [ 26.0720624, 44.4960097 ] } },
{ "type": "Feature", "properties": { "nume": "SANATORIUL BALNEAR ŞI DE RECUPERARE TECHIRGHIOL", "judet": "Constanța", "city": "Techirghiol" }, "geometry": { "type": "Point", "coordinates": [ 28.6053047, 44.0495104 ] } },
{ "type": "Feature", "properties": { "nume": "SPITALUL DR. CAIUS TIBERIU SPÂRCHEZ", "judet": "Brașov", "city": "Zărnești" }, "geometry": { "type": "Point", "coordinates": [ 25.3366817, 45.5703878 ] } },
{ "type": "Feature", "properties": { "nume": "SPITALUL DE BOLI CRONICE \"SF.LUCA\"", "judet": "București", "city": "Municipiul București" }, "geometry": { "type": "Point", "coordinates": [ 26.128246, 44.3857413 ] } },
{ "type": "Feature", "properties": { "nume": "CENTRUL DE EVALUARE ŞI TRATAMENT A TOXICODEPENDENŢELOR PENTRU TINERI SF. STELIAN", "judet": "București", "city": "Municipiul București" }, "geometry": { "type": "Point", "coordinates": [ 26.055668, 44.4483827 ] } },
{ "type": "Feature", "properties": { "nume": "SPITAL MUNICIPAL BLAJ", "judet": "Alba", "city": "Blaj" }, "geometry": { "type": "Point", "coordinates": [ 23.9279175, 46.1802331 ] } },
{ "type": "Feature", "properties": { "nume": "SPITALUL SOVATA-NIRAJ", "judet": "Mureș", "city": "Sovata" }, "geometry": { "type": "Point", "coordinates": [ 25.0723811, 46.5939492 ] } },
{ "type": "Feature", "properties": { "nume": "SPITALUL JUDEȚEAN DE URGENȚĂ DR.FOGOLYÁN KRISTÓF", "judet": "Covasna", "city": "Sfântu Gheorghe" }, "geometry": { "type": "Point", "coordinates": [ 25.778754, 45.865635 ] } },
{ "type": "Feature", "properties": { "nume": "SPITALUL DE BOLI PSIHICE CRONICE BORSA", "judet": "Cluj", "city": "Borșa" }, "geometry": { "type": "Point", "coordinates": [ 23.6595462, 46.9319032 ] } },
{ "type": "Feature", "properties": { "nume": "SPITAL MUNICIPAL GHEORGHENI", "judet": "Harghita", "city": "Gheorgheni" }, "geometry": { "type": "Point", "coordinates": [ 25.6022422, 46.7237494 ] } },
{ "type": "Feature", "properties": { "nume": "SPITALUL DE URGENȚĂ AL MAI ”PROF.DR.D.GEROTA”", "judet": "București", "city": "Municipiul București" }, "geometry": { "type": "Point", "coordinates": [ 26.1235662, 44.4404542 ] } },
{ "type": "Feature", "properties": { "nume": "SPITALUL MUNICIPAL DE URGENTA PASCANI", "judet": "Iași", "city": "Pașcani" }, "geometry": { "type": "Point", "coordinates": [ 26.7257129, 47.2435954 ] } },
{ "type": "Feature", "properties": { "nume": "SPITALUL DE PSIHIATRIE VOILA", "judet": "Prahova", "city": "Câmpina" }, "geometry": { "type": "Point", "coordinates": [ 25.7574119, 45.1487631 ] } },
{ "type": "Feature", "properties": { "nume": "SPITALUL MUNICIPAL DR. AUREL TULBURE FĂGĂRAȘ", "judet": "Brașov", "city": "Făgăraș" }, "geometry": { "type": "Point", "coordinates": [ 24.9572695, 45.8412213 ] } },
{ "type": "Feature", "properties": { "nume": "SPITALUL MUNICIPAL GHERLA", "judet": "Cluj", "city": "Gherla" }, "geometry": { "type": "Point", "coordinates": [ 23.9065744, 47.0243653 ] } },
{ "type": "Feature", "properties": { "nume": "Spitalul ,,Prof.Dr.Eduard Apetrei'' Buhusi", "judet": "Bacău", "city": "Buhuși" }, "geometry": { "type": "Point", "coordinates": [ 26.7088181, 46.7202786 ] } },
{ "type": "Feature", "properties": { "nume": "DIAGNOST S.R.L.", "judet": "Constanța", "city": "Constanța" }, "geometry": { "type": "Point", "coordinates": [ 28.6358079, 44.1730128 ] } },
{ "type": "Feature", "properties": { "nume": "CENTRUL DE DIAGNOSTIC SI TRATAMENT PROVITA SRL", "judet": "București", "city": "Municipiul București" }, "geometry": { "type": "Point", "coordinates": [ 26.132748, 44.434761 ] } },
{ "type": "Feature", "properties": { "nume": "S.C. ALPHA MEDICAL INVEST S.R.L.", "judet": "Călărași", "city": "Oltenița" }, "geometry": { "type": "Point", "coordinates": [ 26.6363979, 44.084739 ] } },
{ "type": "Feature", "properties": { "nume": "S.C. R.K.-MED S.R.L.", "judet": "Botoșani", "city": "Botoșani" }, "geometry": { "type": "Point", "coordinates": [ 26.658164, 47.737384 ] } },
{ "type": "Feature", "properties": { "nume": "SPITALUL ORASENESC URLATI", "judet": "Prahova", "city": "Urlați" }, "geometry": { "type": "Point", "coordinates": [ 26.240461, 44.9911694 ] } },
{ "type": "Feature", "properties": { "nume": "OVERMED MEDICAL CENTER SRL", "judet": "București", "city": "Municipiul București" }, "geometry": { "type": "Point", "coordinates": [ 26.099255, 44.459599 ] } },
{ "type": "Feature", "properties": { "nume": "SPITALUL DE OBSTETRICA GINECOLOGIE BUFTEA", "judet": "Ilfov", "city": "Buftea" }, "geometry": { "type": "Point", "coordinates": [ 25.9401595, 44.5719042 ] } },
{ "type": "Feature", "properties": { "nume": "SOCIETATEA NEW CENTRAL MED SRL", "judet": "Bacău", "city": "Bacău" }, "geometry": { "type": "Point", "coordinates": [ 26.9074537, 46.5799943 ] } },
{ "type": "Feature", "properties": { "nume": "CENTRUL MEDICAL MEDENA", "judet": "Bihor", "city": "Oradea" }, "geometry": { "type": "Point", "coordinates": [ 21.9527619, 47.0491533 ] } },
{ "type": "Feature", "properties": { "nume": "SOCIETATEA OPTIC MEDICAL LINE SRL", "judet": "Alba", "city": "Alba Iulia" }, "geometry": { "type": "Point", "coordinates": [ 23.5559884, 46.066003 ] } },
{ "type": "Feature", "properties": { "nume": "INSTITUTUL DE URGENŢĂ PENTRU BOLI CARDIOVASCULARE ŞI TRANSPLANT TÂRGU MUREŞ", "judet": "Mureș", "city": "Târgu Mureș" }, "geometry": { "type": "Point", "coordinates": [ 24.5837403, 46.5599388 ] } },
{ "type": "Feature", "properties": { "nume": "SOCIETATEA CIM MEDICAL SRL", "judet": "Bacău", "city": "Comănești" }, "geometry": { "type": "Point", "coordinates": [ 26.442454, 46.4208215 ] } },
{ "type": "Feature", "properties": { "nume": "S.C. CLINICA ANGIOMED S.R.L.", "judet": "București", "city": "Municipiul București" }, "geometry": { "type": "Point", "coordinates": [ 26.115675, 44.45201 ] } },
{ "type": "Feature", "properties": { "nume": "SOCIETATEA PROMED SYSTEM SRL, SPITAL PRIVAT CU AMBULATORIU DE SPECIALITATE, LABORATOR FIV", "judet": "București", "city": "Municipiul București" }, "geometry": { "type": "Point", "coordinates": [ 26.0738818, 44.4966841 ] } },
{ "type": "Feature", "properties": { "nume": "SC ULTRA PRAXIMED SRL", "judet": "Timiș", "city": "Giroc" }, "geometry": { "type": "Point", "coordinates": [ 21.2397269, 45.7228296 ] } },
{ "type": "Feature", "properties": { "nume": "SOCIETATEA CENTRUL MEDICAL SAMA S.A.", "judet": "Dolj", "city": "Craiova" }, "geometry": { "type": "Point", "coordinates": [ 23.8114773, 44.3167645 ] } },
{ "type": "Feature", "properties": { "nume": "QUALITY COMPAS SRL", "judet": "Giurgiu", "city": "Giurgiu" }, "geometry": { "type": "Point", "coordinates": [ 25.9717623, 43.9116456 ] } },
{ "type": "Feature", "properties": { "nume": "SAM-SERVICII AVANSATE MEDICALE- SRL", "judet": "Brașov", "city": "Victoria" }, "geometry": { "type": "Point", "coordinates": [ 24.7009227, 45.7306587 ] } },
{ "type": "Feature", "properties": { "nume": "S.C. CLINICA MEDICALA SF. ANDREI S.R.L.", "judet": "Neamț", "city": "Piatra-Neamț" }, "geometry": { "type": "Point", "coordinates": [ 26.3921518, 46.9379516 ] } },
{ "type": "Feature", "properties": { "nume": "S.C.CENTRUL MEDICAL SFANTA MARIA SRL", "judet": "Timiș", "city": "Timișoara" }, "geometry": { "type": "Point", "coordinates": [ 21.2165519, 45.7417388 ] } },
{ "type": "Feature", "properties": { "nume": "SOCIETATEA HIPERDIA SA", "judet": "București", "city": "Municipiul București" }, "geometry": { "type": "Point", "coordinates": [ 25.5863632, 45.6391508 ] } },
{ "type": "Feature", "properties": { "nume": "SPITALIS PUNCT DELUCRU NEGRESTI", "judet": "Vaslui", "city": "Negrești" }, "geometry": { "type": "Point", "coordinates": [ 27.4617714, 46.8362155 ] } },
{ "type": "Feature", "properties": { "nume": "SOCIETATEA AFFIDEA ROMÂNIA SRL", "judet": "București", "city": "Municipiul București" }, "geometry": { "type": "Point", "coordinates": [ 26.0958511, 44.4540108 ] } },
{ "type": "Feature", "properties": { "nume": "SOCIETATEA FOCUS LAB PLUS SRL", "judet": "București", "city": "Municipiul București" }, "geometry": { "type": "Point", "coordinates": [ 26.13893, 44.4486967 ] } },
{ "type": "Feature", "properties": { "nume": "SOCIETATEA VENEȚIA MEDICAL SRL- Spital de Recuperare si Boli Cronice Braila", "judet": "Brăila", "city": "Brăila" }, "geometry": { "type": "Point", "coordinates": [ 27.962034, 45.263007 ] } },
{ "type": "Feature", "properties": { "nume": "SPITALUL DE BOLI CRONICE \"SFANTUL IOAN\" TARGU FRUMOS", "judet": "Iași", "city": "Târgu Frumos" }, "geometry": { "type": "Point", "coordinates": [ 27.0188275, 47.2091668 ] } },
{ "type": "Feature", "properties": { "nume": "SOCIETATEA CENTRUL DE ONCOLOGIE EUROCLINIC SRL", "judet": "Iași", "city": "Iași" }, "geometry": { "type": "Point", "coordinates": [ 27.5786412, 47.1696822 ] } },
{ "type": "Feature", "properties": { "nume": "SOCIETATEA DR. IANOSI SRL", "judet": "Dolj", "city": "Craiova" }, "geometry": { "type": "Point", "coordinates": [ 23.8092616, 44.3259888 ] } },
{ "type": "Feature", "properties": { "nume": "S.C. CLINICA POLISANO S.R.L.", "judet": "Sibiu", "city": "Sibiu" }, "geometry": { "type": "Point", "coordinates": [ 24.157813, 45.7936655 ] } },
{ "type": "Feature", "properties": { "nume": "CLINICA DE ZI ONCOVIT SRL", "judet": "Teleorman", "city": "Alexandria" }, "geometry": { "type": "Point", "coordinates": [ 25.313665, 43.9793 ] } },
{ "type": "Feature", "properties": { "nume": "ENDO LIFE SRL", "judet": "Dolj", "city": "Craiova" }, "geometry": { "type": "Point", "coordinates": [ 23.7781056, 44.3258686 ] } },
{ "type": "Feature", "properties": { "nume": "KIO ENERGY SRL", "judet": "Alba", "city": "Alba Iulia" }, "geometry": { "type": "Point", "coordinates": [ 23.6025891, 46.1007558 ] } },
{ "type": "Feature", "properties": { "nume": "SOCIETATEA MATERNA CARE SRL", "judet": "Timiș", "city": "Timișoara" }, "geometry": { "type": "Point", "coordinates": [ 21.2405509, 45.7583371 ] } },
{ "type": "Feature", "properties": { "nume": "AQUA-MED CONSULTING SRL", "judet": "Constanța", "city": "Constanța" }, "geometry": { "type": "Point", "coordinates": [ 28.6440821, 44.1865817 ] } },
{ "type": "Feature", "properties": { "nume": "SPITALUL ORASENESC SFANTUL IERARH NICOLAE BICAZ", "judet": "Neamț", "city": "Bicaz" }, "geometry": { "type": "Point", "coordinates": [ 26.084445, 46.918693 ] } },
{ "type": "Feature", "properties": { "nume": "S.C. WIA KINETO-DENT S.R.L.", "judet": "Prahova", "city": "Ploiești" }, "geometry": { "type": "Point", "coordinates": [ 25.9391868, 45.2406707 ] } },
{ "type": "Feature", "properties": { "nume": "SOCIETATEA CENTRU MEDICAL ENDO-ATROSCOPIA SRL", "judet": "Mureș", "city": "Târgu Mureș" }, "geometry": { "type": "Point", "coordinates": [ 24.5644325, 46.5488378 ] } },
{ "type": "Feature", "properties": { "nume": "M&M MEDICAL SRL", "judet": "Dolj", "city": "Craiova" }, "geometry": { "type": "Point", "coordinates": [ 23.7972027, 44.3001357 ] } },
{ "type": "Feature", "properties": { "nume": "CENTRU MEDICAL DR. MICU VASILE", "judet": "Iași", "city": "Iași" }, "geometry": { "type": "Point", "coordinates": [ 27.632911, 47.1141815 ] } },
{ "type": "Feature", "properties": { "nume": "SOCIETATEA MEDETIL SRL - CLINICA '' MEDETIL ''", "judet": "Bihor", "city": "Oradea" }, "geometry": { "type": "Point", "coordinates": [ 21.9301463, 47.0706704 ] } },
{ "type": "Feature", "properties": { "nume": "SPITAL AS MEDICA SRL", "judet": "Prahova", "city": "Bucov" }, "geometry": { "type": "Point", "coordinates": [ 26.0844022, 44.970732 ] } },
{ "type": "Feature", "properties": { "nume": "S.C. OPHTA MAX S.R.L.", "judet": "Prahova", "city": "Ploiești" }, "geometry": { "type": "Point", "coordinates": [ 26.0262921, 44.935146 ] } },
{ "type": "Feature", "properties": { "nume": "S.C. OPEN MEDICAL S.R.L.- CENTRU MEDICAL CU SPITALIZARE DE ZI ȘI AMBULATORIU DE SPECIALITATE", "judet": "Dolj", "city": "Craiova" }, "geometry": { "type": "Point", "coordinates": [ 23.7972334, 44.3077516 ] } },
{ "type": "Feature", "properties": { "nume": "SOCIETATEA EIFFELMED SRL", "judet": "Dolj", "city": "Craiova" }, "geometry": { "type": "Point", "coordinates": [ 23.7948807, 44.3301785 ] } },
{ "type": "Feature", "properties": { "nume": "CENTRUL MEDICAL CONSTANTIN", "judet": "Bacău", "city": "Bacău" }, "geometry": { "type": "Point", "coordinates": [ 26.912934, 46.555762 ] } },
{ "type": "Feature", "properties": { "nume": "SOCIETATEA MINIMED SRL", "judet": "Bacău", "city": "Bacău" }, "geometry": { "type": "Point", "coordinates": [ 26.9017455, 46.5702148 ] } },
{ "type": "Feature", "properties": { "nume": "SPITAL OBSTETRICĂ - GINECOLOGIE ”SC EUCLID SRL”", "judet": "Bihor", "city": "Oradea" }, "geometry": { "type": "Point", "coordinates": [ 21.9189438, 47.0465005 ] } },
{ "type": "Feature", "properties": { "nume": "SOCIETATEA SARA CLINIC RECOVERY SRL", "judet": "Satu Mare", "city": "Satu Mare" }, "geometry": { "type": "Point", "coordinates": [ 22.9247499, 47.8633154 ] } },
{ "type": "Feature", "properties": { "nume": "SPITALUL OXXYGENE MED PLUS SRL", "judet": "Ilfov", "city": "Otopeni" }, "geometry": { "type": "Point", "coordinates": [ 26.05601, 44.5344326 ] } },
{ "type": "Feature", "properties": { "nume": "SPITALUL DE BOLI CRONICE DOINAMED, DRAGOESTI", "judet": "Vâlcea", "city": "Râmnicu Vâlcea" }, "geometry": { "type": "Point", "coordinates": [ 24.292641, 44.8267959 ] } },
{ "type": "Feature", "properties": { "nume": "S.C. CLUBUL SANATATII SRL", "judet": "Argeș", "city": "Câmpulung Muscel" }, "geometry": { "type": "Point", "coordinates": [ 25.0541791, 45.2767286 ] } },
{ "type": "Feature", "properties": { "nume": "INTERNATIONAL MEDICAL CENTER SRL", "judet": "Ilfov", "city": "Buftea" }, "geometry": { "type": "Point", "coordinates": [ 25.9497825, 44.5628972 ] } },
{ "type": "Feature", "properties": { "nume": "SOCIETATEA MEDICAL TEST S.R.L.", "judet": "Bacău", "city": "Bacău" }, "geometry": { "type": "Point", "coordinates": [ 26.9088579, 46.5556789 ] } },
{ "type": "Feature", "properties": { "nume": "SOCIETATEA GTL MEDICAL CLINIC SRL", "judet": "Bacău", "city": "Bacău" }, "geometry": { "type": "Point", "coordinates": [ 26.917153, 46.570527 ] } },
{ "type": "Feature", "properties": { "nume": "SOCIETATEA CABINET PARTICULAR POLICLINIC ALGOMED SRL", "judet": "Timiș", "city": "Timișoara" }, "geometry": { "type": "Point", "coordinates": [ 21.227577, 45.754527 ] } },
{ "type": "Feature", "properties": { "nume": "IMUNOCLASS SRL", "judet": "București", "city": "Municipiul București" }, "geometry": { "type": "Point", "coordinates": [ 26.0791987, 44.4428394 ] } },
{ "type": "Feature", "properties": { "nume": "S.C POLARIS MEDICAL CLINICA DE TRATAMENT ȘI RECUPERARE S.A", "judet": "Cluj", "city": "Suceagu" }, "geometry": { "type": "Point", "coordinates": [ 23.4791044, 46.7932952 ] } },
{ "type": "Feature", "properties": { "nume": "RECARDIO SRL", "judet": "Cluj", "city": "Cluj-Napoca" }, "geometry": { "type": "Point", "coordinates": [ 23.6236353, 46.7712101 ] } },
{ "type": "Feature", "properties": { "nume": "Societatea MOGOS MED SRL", "judet": "Dolj", "city": "Craiova" }, "geometry": { "type": "Point", "coordinates": [ 23.8037623, 44.3166497 ] } },
{ "type": "Feature", "properties": { "nume": "SOCIETATEA BAU M.A.N. CONSTRUCT SRL", "judet": "București", "city": "Municipiul București" }, "geometry": { "type": "Point", "coordinates": [ 26.0029253, 44.4178498 ] } },
{ "type": "Feature", "properties": { "nume": "S.C. BIOS PALAGHIA S.RL", "judet": "Bacău", "city": "Agăș" }, "geometry": { "type": "Point", "coordinates": [ 26.1939665, 46.4981123 ] } },
{ "type": "Feature", "properties": { "nume": "S.C. TOP MEDICAL CRONIC S.R.L. - CENTRU DE ÎNGRIJIRI PALIATIVE ”SFÂNTUL LUCA”", "judet": "Suceava", "city": "Sucevița" }, "geometry": { "type": "Point", "coordinates": [ 25.716667, 47.783333 ] } },
{ "type": "Feature", "properties": { "nume": "CLINICA SANOVIL", "judet": "Bistrița-Năsăud", "city": "Bistrița" }, "geometry": { "type": "Point", "coordinates": [ 24.462948, 47.114562 ] } },
{ "type": "Feature", "properties": { "nume": "SOCIETATEA PRO LIFE CLINICS SRL", "judet": "Iași", "city": "Iași" }, "geometry": { "type": "Point", "coordinates": [ 27.59305, 47.161602 ] } },
{ "type": "Feature", "properties": { "nume": "ONCO CARD SRL - CENTRUL DE DIAGNOSTIC ŞI TRATAMENT ONCOLOGIC", "judet": "Brașov", "city": "Brașov" }, "geometry": { "type": "Point", "coordinates": [ 25.575737, 45.6559463 ] } },
{ "type": "Feature", "properties": { "nume": "FUNDAŢIA SF. IRINA - CENTRU DE ÎNGRIJIRI PALIATIVE", "judet": "Ilfov", "city": "Voluntari" }, "geometry": { "type": "Point", "coordinates": [ 26.1757211, 44.4970808 ] } },
{ "type": "Feature", "properties": { "nume": "SOCIETATEA HELP MED CONSULT SRL", "judet": "Constanța", "city": "Ovidiu" }, "geometry": { "type": "Point", "coordinates": [ 28.5666866, 44.2488428 ] } },
{ "type": "Feature", "properties": { "nume": "CARDIOMED SRL - CENTRU MEDICAL", "judet": "Dolj", "city": "Craiova" }, "geometry": { "type": "Point", "coordinates": [ 23.819844, 44.313922 ] } },
{ "type": "Feature", "properties": { "nume": "MOGADORMED SRL", "judet": "Constanța", "city": "Constanța" }, "geometry": { "type": "Point", "coordinates": [ 28.6279843, 44.2023365 ] } },
{ "type": "Feature", "properties": { "nume": "SOCIETATEA BROTAC MEDICAL CENTER SRL", "judet": "București", "city": "Municipiul București" }, "geometry": { "type": "Point", "coordinates": [ 26.1254252, 44.4274773 ] } },
{ "type": "Feature", "properties": { "nume": "RTC RADIOLOGY THERAPEUTIC CENTER", "judet": "Ilfov", "city": "Otopeni" }, "geometry": { "type": "Point", "coordinates": [ 26.0605282, 44.5361172 ] } },
{ "type": "Feature", "properties": { "nume": "S.C. CENTRUL DE DIAGNOSTIC SI TRATAMENT OB-GYN S.R.L.", "judet": "Dolj", "city": "Craiova" }, "geometry": { "type": "Point", "coordinates": [ 23.8216654, 44.320268 ] } },
{ "type": "Feature", "properties": { "nume": "PREVENTORIUL TBC COPII DELENI", "judet": "Iași", "city": "Deleni" }, "geometry": { "type": "Point", "coordinates": [ 26.8786954, 47.4572116 ] } },
{ "type": "Feature", "properties": { "nume": "SOCIETATEA POLICLINICA CENTRALĂ DR. VLĂESCU SRL", "judet": "Dolj", "city": "Craiova" }, "geometry": { "type": "Point", "coordinates": [ 23.791113, 44.309481 ] } },
{ "type": "Feature", "properties": { "nume": "SOCIETATEA CENTRUL DE DIAGNOSTIC SI TRATAMENT STAL SRL", "judet": "Constanța", "city": "Cogealac" }, "geometry": { "type": "Point", "coordinates": [ 28.5625855, 44.5611558 ] } },
{ "type": "Feature", "properties": { "nume": "SOCIETATEA ONCOLAB SRL", "judet": "Dolj", "city": "Craiova" }, "geometry": { "type": "Point", "coordinates": [ 23.7989123, 44.3120441 ] } },
{ "type": "Feature", "properties": { "nume": "SOCIETATEA CIN MED SRL", "judet": "Bacău", "city": "Agăș" }, "geometry": { "type": "Point", "coordinates": [ 26.1939665, 46.4981123 ] } },
{ "type": "Feature", "properties": { "nume": "SOCIETATEA CENTRUL MEDICAL LAURA CĂTANĂ SRL", "judet": "Alba", "city": "Petrești" }, "geometry": { "type": "Point", "coordinates": [ 23.5878025, 46.7836143 ] } },
{ "type": "Feature", "properties": { "nume": "TVM MED SERV SRL", "judet": "Cluj", "city": "Cluj-Napoca" }, "geometry": { "type": "Point", "coordinates": [ 23.6044144, 46.7702292 ] } },
{ "type": "Feature", "properties": { "nume": "SOCIETATEA MEDICOVER HOSPITALS SRL", "judet": "București", "city": "Municipiul București" }, "geometry": { "type": "Point", "coordinates": [ 26.0916351, 44.4899275 ] } },
{ "type": "Feature", "properties": { "nume": "SOCIETATEA CONSULTMED SRL", "judet": "Iași", "city": "Iași" }, "geometry": { "type": "Point", "coordinates": [ 27.533033, 47.173335 ] } },
{ "type": "Feature", "properties": { "nume": "ASOCIAȚIA CENTRU REZIDENȚIAL PENTRU VÂRSTNICI MARIA", "judet": "Brașov", "city": "Brașov" }, "geometry": { "type": "Point", "coordinates": [ 25.606707, 45.63627 ] } },
{ "type": "Feature", "properties": { "nume": "Fundatia Dr. Victor Babes", "judet": "București", "city": "Municipiul București" }, "geometry": { "type": "Point", "coordinates": [ 26.1391233, 44.4278891 ] } },
{ "type": "Feature", "properties": { "nume": "SOCIETATEA HIT-MED SRL", "judet": "Dolj", "city": "Craiova" }, "geometry": { "type": "Point", "coordinates": [ 23.7948807, 44.3301785 ] } },
{ "type": "Feature", "properties": { "nume": "SOCIETATEA HOSPITAL NETWORK PHOENIX ONE DAY SRL", "judet": "Olt", "city": "Slatina" }, "geometry": { "type": "Point", "coordinates": [ 24.3726771, 44.4324612 ] } },
{ "type": "Feature", "properties": { "nume": "SOCIETATEA CARDIOMED SRL", "judet": "Bacău", "city": "Târgu Ocna" }, "geometry": { "type": "Point", "coordinates": [ 26.614529, 46.278546 ] } },
{ "type": "Feature", "properties": { "nume": "SOCIETATEA CLINICILE ICCO SRL", "judet": "Brașov", "city": "Brașov" }, "geometry": { "type": "Point", "coordinates": [ 25.585466, 45.6572068 ] } },
{ "type": "Feature", "properties": { "nume": "CLINICILE ICCO ORTOPEDIE SRL", "judet": "Brașov", "city": "Brașov" }, "geometry": { "type": "Point", "coordinates": [ 25.585466, 45.6572068 ] } },
{ "type": "Feature", "properties": { "nume": "SOCIETATEA EXPERT MEDICAL MANAGEMENT SRL", "judet": "Vrancea", "city": "Focșani" }, "geometry": { "type": "Point", "coordinates": [ 27.191514, 45.705002 ] } },
{ "type": "Feature", "properties": { "nume": "ASOCIAȚIA CENTRUL DE ÎNGRIJIRE CASA SUTER - UNITATE SANITARĂ CU PATURI - ÎNGRIJIRI PALEATIVE", "judet": "București", "city": "Municipiul București" }, "geometry": { "type": "Point", "coordinates": [ 26.1218478, 44.3753564 ] } },
{ "type": "Feature", "properties": { "nume": "SOCIETATEA CENTRUL MEDICAL UNIREA SRL", "judet": "Dolj", "city": "Craiova" }, "geometry": { "type": "Point", "coordinates": [ 23.7962881, 44.3230006 ] } },
{ "type": "Feature", "properties": { "nume": "SOCIETATEA CORDISMED SRL", "judet": "Timiș", "city": "Timișoara" }, "geometry": { "type": "Point", "coordinates": [ 21.2126447, 45.7563631 ] } },
{ "type": "Feature", "properties": { "nume": "ASOCIAŢIA SFÂNTUL NECTARIE CLUJ", "judet": "Cluj", "city": "Cluj-Napoca" }, "geometry": { "type": "Point", "coordinates": [ 23.6190091, 46.782333 ] } },
{ "type": "Feature", "properties": { "nume": "S.C. MUNTEANU S.R.L.", "judet": "Bacău", "city": "Dărmănești" }, "geometry": { "type": "Point", "coordinates": [ 26.5024326, 46.3650117 ] } },
{ "type": "Feature", "properties": { "nume": "OVIDIUS CLINICAL HOSPITAL SRL - UNITATE SANITARĂ PRIVATĂ", "judet": "Constanța", "city": "Ovidiu" }, "geometry": { "type": "Point", "coordinates": [ 28.582858, 44.232478 ] } },
{ "type": "Feature", "properties": { "nume": "S.C. URODIAMED S.R.L", "judet": "Dolj", "city": "Craiova" }, "geometry": { "type": "Point", "coordinates": [ 23.802951, 44.30827 ] } },
{ "type": "Feature", "properties": { "nume": "S.C. PRORENAL S.R.L. - CLINICA MEDICALĂ", "judet": "Bacău", "city": "Bacău" }, "geometry": { "type": "Point", "coordinates": [ 26.9070451, 46.56444 ] } },
{ "type": "Feature", "properties": { "nume": "CENTRUL DE ONCOLOGIE SF NECTARIE SRL", "judet": "Dolj", "city": "Cârcea" }, "geometry": { "type": "Point", "coordinates": [ 23.8038055, 44.3100576 ] } },
{ "type": "Feature", "properties": { "nume": "SOCIETATEA MECCLINIC SRL", "judet": "Dolj", "city": "Craiova" }, "geometry": { "type": "Point", "coordinates": [ 23.8105879, 44.3144177 ] } },
{ "type": "Feature", "properties": { "nume": "SOCIETATEA ECOGRAFIE 3D SRL", "judet": "Dolj", "city": "Craiova" }, "geometry": { "type": "Point", "coordinates": [ 23.7872148, 44.3261517 ] } },
{ "type": "Feature", "properties": { "nume": "SPITALUL ORĂȘENESC BUMBEȘTI-JIU", "judet": "Gorj", "city": "Bumbești-Jiu" }, "geometry": { "type": "Point", "coordinates": [ 23.378509, 45.180971 ] } },
{ "type": "Feature", "properties": { "nume": "SOCIETATEA CENTRUL MEDICAL PHOENIX SRL", "judet": "Dolj", "city": "Craiova" }, "geometry": { "type": "Point", "coordinates": [ 23.8240892, 44.3155915 ] } },
{ "type": "Feature", "properties": { "nume": "SOCIETATEA GASTROMOND SRL", "judet": "Constanța", "city": "Constanța" }, "geometry": { "type": "Point", "coordinates": [ 28.6443982, 44.1854845 ] } },
{ "type": "Feature", "properties": { "nume": "CLINICA MEDICALA HIPOCRAT 2000 - SPITALUL DE RECUPERARE MEDICALA (SEDIUL FANTANICA)", "judet": "București", "city": "Municipiul București" }, "geometry": { "type": "Point", "coordinates": [ 26.146822, 44.445124 ] } },
{ "type": "Feature", "properties": { "nume": "SOCIETATEA PHOENIX PRIVATE HOSPITAL SRL", "judet": "Gorj", "city": "Târgu Jiu" }, "geometry": { "type": "Point", "coordinates": [ 23.269283, 45.031623 ] } },
{ "type": "Feature", "properties": { "nume": "FUNDAȚIA ”BUCURIA AJUTORULUI” - CENTRU MEDICAL DE INGRIJIRI PALIATIVE", "judet": "București", "city": "Municipiul București" }, "geometry": { "type": "Point", "coordinates": [ 26.113482, 44.412349 ] } },
{ "type": "Feature", "properties": { "nume": "S.C. CLINICA MEDICALA ”HIPOCRAT 2000” SRL UNITATE SANITARĂ PRIVATĂ CU PATURI (SEDIUL RAHOVA)", "judet": "București", "city": "Municipiul București" }, "geometry": { "type": "Point", "coordinates": [ 26.076424, 44.414412 ] } },
{ "type": "Feature", "properties": { "nume": "SOCIETATEA CENTRUL MEDICAL AMARADIA SRL", "judet": "Dolj", "city": "Craiova" }, "geometry": { "type": "Point", "coordinates": [ 23.79254, 44.3258755 ] } },
{ "type": "Feature", "properties": { "nume": "S.C. ROM GESTA S.R.L.", "judet": "Constanța", "city": "Mangalia" }, "geometry": { "type": "Point", "coordinates": [ 28.5825528, 43.8081957 ] } },
{ "type": "Feature", "properties": { "nume": "SOCIETATEA LAURUS MEDICAL SRL", "judet": "București", "city": "Municipiul București" }, "geometry": { "type": "Point", "coordinates": [ 26.0923178, 44.4800346 ] } },
{ "type": "Feature", "properties": { "nume": "S.C. POLICLINICA DARIMEDIC S.R.L.", "judet": "Timiș", "city": "Sânandrei" }, "geometry": { "type": "Point", "coordinates": [ 21.179279, 45.861191 ] } },
{ "type": "Feature", "properties": { "nume": "SOCIETATEA CENTRUL MEDICAL DOROBANȚI SRL", "judet": "Constanța", "city": "Constanța" }, "geometry": { "type": "Point", "coordinates": [ 28.6015839, 44.1643477 ] } },
{ "type": "Feature", "properties": { "nume": "SPITALUL DE REABILITARE MEDICALA BALNEOMEDCENTER", "judet": "Vâlcea", "city": "Râmnicu Vâlcea" }, "geometry": { "type": "Point", "coordinates": [ 24.367155, 45.080989 ] } },
{ "type": "Feature", "properties": { "nume": "S.C. CENTRUL DE EXCELENŢĂ ÎN RINOLOGIE S.R.L.", "judet": "Dolj", "city": "Craiova" }, "geometry": { "type": "Point", "coordinates": [ 23.7726183, 44.3335123 ] } },
{ "type": "Feature", "properties": { "nume": "SOCIETATEA NEPTUN MEDICAL SRL", "judet": "Constanța", "city": "Murfatlar" }, "geometry": { "type": "Point", "coordinates": [ 28.4134288, 44.1731119 ] } },
{ "type": "Feature", "properties": { "nume": "SPITALUL MUNICIPAL CODLEA", "judet": "Brașov", "city": "Codlea" }, "geometry": { "type": "Point", "coordinates": [ 25.4469973, 45.7029622 ] } },
{ "type": "Feature", "properties": { "nume": "S.C. MUNTENIA MEDICAL COMPETENCES S.A", "judet": "Argeș", "city": "Pitești" }, "geometry": { "type": "Point", "coordinates": [ 24.8691824, 44.8564798 ] } },
{ "type": "Feature", "properties": { "nume": "S.C. ELYTIS HOSPITAL HOPE S.R.L.", "judet": "Iași", "city": "Iași" }, "geometry": { "type": "Point", "coordinates": [ 27.5743109, 47.1626491 ] } },
{ "type": "Feature", "properties": { "nume": "SOCIETATEA AVITUM SRL - punct de lucru Cluj-Napoca", "judet": "Cluj", "city": "Cluj-Napoca" }, "geometry": { "type": "Point", "coordinates": [ 23.6236353, 46.7712101 ] } },
{ "type": "Feature", "properties": { "nume": "SPITALUL ORĂŞENESC HÎRLAU", "judet": "Iași", "city": "Hârlău" }, "geometry": { "type": "Point", "coordinates": [ 26.9002869, 47.43132 ] } },
{ "type": "Feature", "properties": { "nume": "SOCIETATEA AVITUM SRL - punct de lucru Târgu Jiu", "judet": "Gorj", "city": "Târgu Jiu" }, "geometry": { "type": "Point", "coordinates": [ 23.2689393, 45.0314279 ] } },
{ "type": "Feature", "properties": { "nume": "SOCIETATEA LABORATOR MEDICAL BIOCONSULTING SRL", "judet": "Bihor", "city": "Bratca" }, "geometry": { "type": "Point", "coordinates": [ 22.0928322, 47.3519177 ] } },
{ "type": "Feature", "properties": { "nume": "SOCIETATEA AVITUM SRL - punct de lucru Arad", "judet": "Arad", "city": "Arad" }, "geometry": { "type": "Point", "coordinates": [ 21.3122677, 46.1865606 ] } },
{ "type": "Feature", "properties": { "nume": "Societatea MATERNA S.R.L.", "judet": "Vrancea", "city": "Focșani" }, "geometry": { "type": "Point", "coordinates": [ 27.174991, 45.700777 ] } },
{ "type": "Feature", "properties": { "nume": "SOCIETATEA AVITUM SRL - punct de lucru Baia Mare", "judet": "Maramureș", "city": "Baia Mare" }, "geometry": { "type": "Point", "coordinates": [ 23.5849881, 47.6567387 ] } },
{ "type": "Feature", "properties": { "nume": "PROARTMED MEDICAL CENTER SRL", "judet": "Prahova", "city": "Păuleștii Noi" }, "geometry": { "type": "Point", "coordinates": [ 25.9794694, 44.9933904 ] } },
{ "type": "Feature", "properties": { "nume": "SOCIETATEA Nefromed SJ SRL", "judet": "Sălaj", "city": "Zalău" }, "geometry": { "type": "Point", "coordinates": [ 23.0573324, 47.1854562 ] } },
{ "type": "Feature", "properties": { "nume": "S.C. NATISAN MEDICINA GENERALA S.R.L.", "judet": "Argeș", "city": "Pitești" }, "geometry": { "type": "Point", "coordinates": [ 24.844854, 44.8712208 ] } },
{ "type": "Feature", "properties": { "nume": "SOCIETATEA Premium Medical Clinic", "judet": "Prahova", "city": "Ploiești" }, "geometry": { "type": "Point", "coordinates": [ 26.0128616, 44.936664 ] } },
{ "type": "Feature", "properties": { "nume": "SOCIETATEA ONCO-LIFE CENTER SRL", "judet": "Dolj", "city": "Craiova" }, "geometry": { "type": "Point", "coordinates": [ 23.795844, 44.3205186 ] } },
{ "type": "Feature", "properties": { "nume": "SOCIETATEA Nefromed SRL", "judet": "Timiș", "city": "Timișoara" }, "geometry": { "type": "Point", "coordinates": [ 21.2086793, 45.7488716 ] } },
{ "type": "Feature", "properties": { "nume": "SOCIETATEA Nefromed BM SRL", "judet": "Suceava", "city": "Rădăuți" }, "geometry": { "type": "Point", "coordinates": [ 25.9138305, 47.8408505 ] } },
{ "type": "Feature", "properties": { "nume": "SPITALUL CLINIC JUDEȚEAN DE URGENȚĂ CRAIOVA", "judet": "Dolj", "city": "Craiova" }, "geometry": { "type": "Point", "coordinates": [ 23.7927618, 44.3054187 ] } },
{ "type": "Feature", "properties": { "nume": "SC Nefrocare SIG SRL", "judet": "Maramureș", "city": "Sighetu Marmației" }, "geometry": { "type": "Point", "coordinates": [ 23.8976506, 47.927707 ] } },
{ "type": "Feature", "properties": { "nume": "SOCIETATEA Nefrocare VS SRL", "judet": "Vaslui", "city": "Vaslui" }, "geometry": { "type": "Point", "coordinates": [ 27.7276468, 46.6406915 ] } },
{ "type": "Feature", "properties": { "nume": "SPITAL CLINIC PNEUMOFTIZIOLOGIE BRAȘOV", "judet": "Brașov", "city": "Brașov" }, "geometry": { "type": "Point", "coordinates": [ 25.5738108, 45.6429853 ] } },
{ "type": "Feature", "properties": { "nume": "SOCIETATEA Nefrocare DJ SRL", "judet": "Cluj", "city": "Dej" }, "geometry": { "type": "Point", "coordinates": [ 23.8787342, 47.1415878 ] } },
{ "type": "Feature", "properties": { "nume": "SOCIETATEA Nefrocare MS SRL", "judet": "Iași", "city": "Iași" }, "geometry": { "type": "Point", "coordinates": [ 27.6014418, 47.1584549 ] } },
{ "type": "Feature", "properties": { "nume": "SOCIETATEA MEDLIFE SA BUCUREŞTI- SUCURSALA BUCUREŞTI", "judet": "București", "city": "Municipiul București" }, "geometry": { "type": "Point", "coordinates": [ 26.0940596, 44.4773734 ] } },
{ "type": "Feature", "properties": { "nume": "SOCIETATEA Nefrocare CL SRL", "judet": "Argeș", "city": "Câmpulung Muscel" }, "geometry": { "type": "Point", "coordinates": [ 25.0531038, 45.270605 ] } },
{ "type": "Feature", "properties": { "nume": "SOCIETATEA Nefrocare MED SRL", "judet": "Constanța", "city": "Medgidia" }, "geometry": { "type": "Point", "coordinates": [ 28.2777338, 44.2416271 ] } },
{ "type": "Feature", "properties": { "nume": "SPITALUL CLINIC JUDEȚEAN DE URGENȚĂ SIBIU", "judet": "Sibiu", "city": "Sibiu" }, "geometry": { "type": "Point", "coordinates": [ 24.149521, 45.7911993 ] } },
{ "type": "Feature", "properties": { "nume": "SOCIETATEA Nefromed Dialysis Centers SRL - punct de lucru Piatra-Neamț", "judet": "Neamț", "city": "Piatra-Neamț" }, "geometry": { "type": "Point", "coordinates": [ 26.3779793, 46.9299616 ] } },
{ "type": "Feature", "properties": { "nume": "SOCIETATEA Potaissa Renal Care SRL", "judet": "Cluj", "city": "Turda" }, "geometry": { "type": "Point", "coordinates": [ 23.7971063, 46.564676 ] } },
{ "type": "Feature", "properties": { "nume": "SOCIETATEA EUROCLINIC HOSPITAL SA", "judet": "București", "city": "Municipiul București" }, "geometry": { "type": "Point", "coordinates": [ 26.101059, 44.4545908 ] } },
{ "type": "Feature", "properties": { "nume": "SOCIETATEA Nefromed Dialysis Centers SRL - punct de lucru Bârlad", "judet": "Vaslui", "city": "Bârlad" }, "geometry": { "type": "Point", "coordinates": [ 27.6692265, 46.2276613 ] } },
{ "type": "Feature", "properties": { "nume": "SOCIETATEA Nefromed Dialysis Centers SRL - punct de lucru Cluj-Napoca", "judet": "Cluj", "city": "Cluj-Napoca" }, "geometry": { "type": "Point", "coordinates": [ 23.6236353, 46.7712101 ] } },
{ "type": "Feature", "properties": { "nume": "SPITALUL MUNICIPAL \"ANTON CINCU\" TECUCI", "judet": "Galați", "city": "Tecuci" }, "geometry": { "type": "Point", "coordinates": [ 27.4372183, 45.8459975 ] } },
{ "type": "Feature", "properties": { "nume": "SOCIETATEA Nefromed Dialysis Centers SRL - punct de lucru Alba Iulia", "judet": "Alba", "city": "Alba Iulia" }, "geometry": { "type": "Point", "coordinates": [ 23.5804886, 46.0732725 ] } },
{ "type": "Feature", "properties": { "nume": "SOCIETATEA Nefromed Dialysis Centers SRL - punct de lucru Baia Mare", "judet": "Maramureș", "city": "Baia Mare" }, "geometry": { "type": "Point", "coordinates": [ 23.5849881, 47.6567387 ] } },
{ "type": "Feature", "properties": { "nume": "SPITALUL MUNICIPAL SEBEȘ", "judet": "Alba", "city": "Sebeș" }, "geometry": { "type": "Point", "coordinates": [ 23.5676841, 45.9514021 ] } },
{ "type": "Feature", "properties": { "nume": "SOCIETATEA Fresenius NephroCare Romania SRL - punct de lucru Râmnicu Vâlcea", "judet": "Vâlcea", "city": "Râmnicu Vâlcea" }, "geometry": { "type": "Point", "coordinates": [ 24.3693179, 45.0996753 ] } },
{ "type": "Feature", "properties": { "nume": "SOCIETATEA Fresenius NephroCare Romania SRL - punct de lucru Iași", "judet": "Iași", "city": "Iași" }, "geometry": { "type": "Point", "coordinates": [ 27.6014418, 47.1584549 ] } },
{ "type": "Feature", "properties": { "nume": "SPITALUL JUDEȚEAN DE URGENȚĂ BACĂU", "judet": "Bacău", "city": "Bacău" }, "geometry": { "type": "Point", "coordinates": [ 26.9091674, 46.5552813 ] } },
{ "type": "Feature", "properties": { "nume": "SOCIETATEA Fresenius NephroCare Romania SRL + Cabinet de specialitate nefrologie - punct de lucru Craiova", "judet": "Dolj", "city": "Craiova" }, "geometry": { "type": "Point", "coordinates": [ 23.7948807, 44.3301785 ] } },
{ "type": "Feature", "properties": { "nume": "SOCIETATEA Fresenius NephroCare Romania SRL - punct de lucru Drobeta Turnu-Severin", "judet": "Mehedinți", "city": "Drobeta-Turnu Severin" }, "geometry": { "type": "Point", "coordinates": [ 22.6597342, 44.6369227 ] } },
{ "type": "Feature", "properties": { "nume": "SPITALUL CLINIC COLTEA", "judet": "București", "city": "Municipiul București" }, "geometry": { "type": "Point", "coordinates": [ 26.1046332, 44.4279615 ] } },
{ "type": "Feature", "properties": { "nume": "SOCIETATEA Fresenius NephroCare Romania SRL - punct de lucru Tulcea", "judet": "Tulcea", "city": "Tulcea" }, "geometry": { "type": "Point", "coordinates": [ 28.7914439, 45.1716165 ] } },
{ "type": "Feature", "properties": { "nume": "SOCIETATEA Fresenius NephroCare Romania SRL + Cabinet de specialitate nefrologie - punct de lucru Ploiești", "judet": "Prahova", "city": "Ploiești" }, "geometry": { "type": "Point", "coordinates": [ 26.0128616, 44.936664 ] } },
{ "type": "Feature", "properties": { "nume": "SPITALUL DE PNEUMOFTIZIOLOGIE BACĂU", "judet": "Bacău", "city": "Bacău" }, "geometry": { "type": "Point", "coordinates": [ 26.8999353, 46.5638343 ] } },
{ "type": "Feature", "properties": { "nume": "SOCIETATEA Fresenius NephroCare Romania SRL - punct de lucru Slobozia", "judet": "Ialomița", "city": "Slobozia" }, "geometry": { "type": "Point", "coordinates": [ 27.3613656, 44.5628889 ] } },
{ "type": "Feature", "properties": { "nume": "SOCIETATEA Fresenius NephroCare Romania SRL - punct de lucru Târgoviște", "judet": "Dâmbovița", "city": "Târgoviște" }, "geometry": { "type": "Point", "coordinates": [ 25.4558274, 44.9118218 ] } },
{ "type": "Feature", "properties": { "nume": "SPITALUL CLINIC MILITAR DE URGENŢĂ \"DR. VICTOR POPESCU\" TIMIŞOARA", "judet": "Timiș", "city": "Timișoara" }, "geometry": { "type": "Point", "coordinates": [ 21.225445, 45.757617 ] } },
{ "type": "Feature", "properties": { "nume": "SOCIETATEA Fresenius NephroCare Romania SRL - punct de lucru Satu Mare", "judet": "Satu Mare", "city": "Satu Mare" }, "geometry": { "type": "Point", "coordinates": [ 22.8575926, 47.8016702 ] } },
{ "type": "Feature", "properties": { "nume": "SOCIETATEA Fresenius NephroCare Romania SRL + Cabinet de specialitate nefrologie - punct de lucru Giurgiu", "judet": "Giurgiu", "city": "Giurgiu" }, "geometry": { "type": "Point", "coordinates": [ 25.9699265, 43.9037076 ] } },
{ "type": "Feature", "properties": { "nume": "SPITALUL ORĂȘENESC AGNITA", "judet": "Sibiu", "city": "Agnita" }, "geometry": { "type": "Point", "coordinates": [ 24.6215185, 45.977693 ] } },
{ "type": "Feature", "properties": { "nume": "SOCIETATEA Fresenius NephroCare Romania SRL + Cabinet de specialitate nefrologie - punct de lucru Suceava", "judet": "Suceava", "city": "Suceava" }, "geometry": { "type": "Point", "coordinates": [ 26.2732302, 47.6634521 ] } },
{ "type": "Feature", "properties": { "nume": "SOCIETATEA Fresenius NephroCare Romania SRL - punct de lucru Deva", "judet": "Hunedoara", "city": "Deva" }, "geometry": { "type": "Point", "coordinates": [ 22.9143737, 45.8662574 ] } },
{ "type": "Feature", "properties": { "nume": "SPITALUL CLINIC DE BOLI INFECȚIOASE BRAȘOV", "judet": "Brașov", "city": "Brașov" }, "geometry": { "type": "Point", "coordinates": [ 25.6011977, 45.6579755 ] } },
{ "type": "Feature", "properties": { "nume": "CENTRAL CLINIC", "judet": "Neamț", "city": "Piatra-Neamț" }, "geometry": { "type": "Point", "coordinates": [ 26.3671037, 46.934563 ] } },
{ "type": "Feature", "properties": { "nume": "SPITAL OBSTETRICĂ GINECOLOGIE PLOIEȘTI", "judet": "Prahova", "city": "Ploiești" }, "geometry": { "type": "Point", "coordinates": [ 26.039599, 44.93977 ] } },
{ "type": "Feature", "properties": { "nume": "ASOCIATIA BUNICUL SI BUNICA - CENTRU DE INGRIJIRI PALIATIVE CU 49 PATURI SPITALIZARE CONTINUA", "judet": "Constanța", "city": "Cumpăna" }, "geometry": { "type": "Point", "coordinates": [ 28.5636379, 44.1140407 ] } },
{ "type": "Feature", "properties": { "nume": "CENTRUL DE ONCOLOGIE", "judet": "Mehedinți", "city": "Drobeta-Turnu Severin" }, "geometry": { "type": "Point", "coordinates": [ 22.6388784, 44.6349207 ] } },
{ "type": "Feature", "properties": { "nume": "SOCIETATEA TINOS CLINIC SRL", "judet": "București", "city": "Municipiul București" }, "geometry": { "type": "Point", "coordinates": [ 26.168633, 44.4290851 ] } },
{ "type": "Feature", "properties": { "nume": "SOCIETATEA DIASYS MEDICAL SRL", "judet": "Dâmbovița", "city": "Târgoviște" }, "geometry": { "type": "Point", "coordinates": [ 25.4558274, 44.9118218 ] } },
{ "type": "Feature", "properties": { "nume": "S.C. PROMED SYSTEM S.R.L.- punct de lucru Spital Wellborn Militari Bucuresti", "judet": "București", "city": "Municipiul București" }, "geometry": { "type": "Point", "coordinates": [ 26.0229507, 44.4381354 ] } },
{ "type": "Feature", "properties": { "nume": "SPITALUL ORASENESC FAGET", "judet": "Timiș", "city": "Făget" }, "geometry": { "type": "Point", "coordinates": [ 22.1717701, 45.844441 ] } },
{ "type": "Feature", "properties": { "nume": "SOCIETATEA GENESYS FERTILITY CENTER SRL", "judet": "București", "city": "Municipiul București" }, "geometry": { "type": "Point", "coordinates": [ 26.070275, 44.467716 ] } },
{ "type": "Feature", "properties": { "nume": "S.C. NEFROMED CONCEPT S.R.L", "judet": "București", "city": "Municipiul București" }, "geometry": { "type": "Point", "coordinates": [ 26.1025384, 44.4267674 ] } },
{ "type": "Feature", "properties": { "nume": "ASOCIAȚIA LUMINA - CENTRUL DE ÎNGRIJIRI PALIATIVE PENTRU COPII", "judet": "Bacău", "city": "Bacău" }, "geometry": { "type": "Point", "coordinates": [ 26.9145748, 46.5670437 ] } },
{ "type": "Feature", "properties": { "nume": "DIAVERUM BRAILA2 - CENTRU DE DIALIZA", "judet": "Brăila", "city": "Brăila" }, "geometry": { "type": "Point", "coordinates": [ 27.9594714, 45.2652463 ] } },
{ "type": "Feature", "properties": { "nume": "SPITAL MUNICIPAL SIGHETU-MARMATIEI", "judet": "Maramureș", "city": "Sighetu Marmației" }, "geometry": { "type": "Point", "coordinates": [ 23.8720078, 47.9290895 ] } },
{ "type": "Feature", "properties": { "nume": "SOCIETATEA CARDIOREC SRL", "judet": "Ilfov", "city": null }, "geometry": { "type": "Point", "coordinates": [ 26.0425008, 44.5941681 ] } },
{ "type": "Feature", "properties": { "nume": "SOCIETATEA MNT HEALTHCARE EUROPE SRL", "judet": "Ilfov", "city": "Pantelimon" }, "geometry": { "type": "Point", "coordinates": [ 26.2529974, 44.4476317 ] } },
{ "type": "Feature", "properties": { "nume": "SPITALUL ORĂȘENESC GURA HUMORULUI", "judet": "Suceava", "city": "Gura Humorului" }, "geometry": { "type": "Point", "coordinates": [ 25.890218, 47.5548112 ] } },
{ "type": "Feature", "properties": { "nume": "S.C. Nefrocenter S.R.L.", "judet": "Timiș", "city": "Lugoj" }, "geometry": { "type": "Point", "coordinates": [ 21.9034608, 45.6909898 ] } },
{ "type": "Feature", "properties": { "nume": "SPITALUL CLINIC DE BOLI INFECŢIOASE \"SF. CUVIOASA PARASCHEVA\"", "judet": "Galați", "city": "Galați" }, "geometry": { "type": "Point", "coordinates": [ 28.0344175, 45.4676222 ] } },
{ "type": "Feature", "properties": { "nume": "S.C. EURODIALIZA S.R.L.", "judet": "Constanța", "city": "Constanța" }, "geometry": { "type": "Point", "coordinates": [ 28.6348138, 44.1598013 ] } },
{ "type": "Feature", "properties": { "nume": "SOCIETATEA AVITUM SRL - punct de lucru Timisoara", "judet": "Timiș", "city": "Timișoara" }, "geometry": { "type": "Point", "coordinates": [ 21.2086793, 45.7488716 ] } },
{ "type": "Feature", "properties": { "nume": "SPITALUL DE PNEUMOFTIZIOLOGIE BOTOSANI", "judet": "Botoșani", "city": "Botoșani" }, "geometry": { "type": "Point", "coordinates": [ 26.6643529, 47.73475 ] } },
{ "type": "Feature", "properties": { "nume": "CENTRUL MEDICAL \"POLICLINICO DI MONZA\" - punct de lucru Cluj-Napoca", "judet": "Cluj", "city": "Cluj-Napoca" }, "geometry": { "type": "Point", "coordinates": [ 26.149141, 44.438912 ] } },
{ "type": "Feature", "properties": { "nume": "S.C. Fortis Diagnosis Center S.R.L.", "judet": "Maramureș", "city": "Baia Mare" }, "geometry": { "type": "Point", "coordinates": [ 23.5673824, 47.6460361 ] } },
{ "type": "Feature", "properties": { "nume": "SC SPITALUL ORASENESC SRL", "judet": "Teleorman", "city": "Videle" }, "geometry": { "type": "Point", "coordinates": [ 25.5161151, 44.2782779 ] } },
{ "type": "Feature", "properties": { "nume": "CENTRUL MEDICAL \"POLICLINICO DI MONZA\" SRL - UNITATE SANITARĂ PRIVATĂ CU PATURI", "judet": "București", "city": "Municipiul București" }, "geometry": { "type": "Point", "coordinates": [ 26.102123, 44.419187 ] } },
{ "type": "Feature", "properties": { "nume": "PROESTETICA HOSPITAL SRL", "judet": "București", "city": "Municipiul București" }, "geometry": { "type": "Point", "coordinates": [ 26.098037, 44.459674 ] } },
{ "type": "Feature", "properties": { "nume": "SPITALUL JUDEŢEAN DE URGENŢĂ BISTRIŢA", "judet": "Bistrița-Năsăud", "city": "Bistrița" }, "geometry": { "type": "Point", "coordinates": [ 24.500127, 47.1347991 ] } },
{ "type": "Feature", "properties": { "nume": "SOCIETATEA SANOPTIC SRL", "judet": "Iași", "city": "Iași" }, "geometry": { "type": "Point", "coordinates": [ 27.602723, 47.159005 ] } },
{ "type": "Feature", "properties": { "nume": "S.C. MEDEUROPA S.R.L.", "judet": "Constanța", "city": "Constanța" }, "geometry": { "type": "Point", "coordinates": [ 28.613279, 44.201018 ] } },
{ "type": "Feature", "properties": { "nume": "SPITALUL DE PSIHIATRIE \"DR. GHEORGHE PREDA\" SIBIU", "judet": "Sibiu", "city": "Sibiu" }, "geometry": { "type": "Point", "coordinates": [ 24.1548958, 45.8079595 ] } },
{ "type": "Feature", "properties": { "nume": "RODERMA SRL", "judet": "Iași", "city": "Iași" }, "geometry": { "type": "Point", "coordinates": [ 27.583947, 47.172373 ] } },
{ "type": "Feature", "properties": { "nume": "SOCIETATEA CARDIOMED SRL", "judet": "Iași", "city": "Iași" }, "geometry": { "type": "Point", "coordinates": [ 27.571481, 47.1356 ] } },
{ "type": "Feature", "properties": { "nume": "SPITALUL DE PSIHIATRIE MOCREA", "judet": "Arad", "city": "Mocrea" }, "geometry": { "type": "Point", "coordinates": [ 21.8197725, 46.3886074 ] } },
{ "type": "Feature", "properties": { "nume": "S.C. NEFROLMED S.R.L.", "judet": "Teleorman", "city": "Alexandria" }, "geometry": { "type": "Point", "coordinates": [ 25.3282579, 43.9750572 ] } },
{ "type": "Feature", "properties": { "nume": "S.C. NEFROLMED S.R.L. - punct de lucru Turnu Măgurele", "judet": "Teleorman", "city": "Turnu Măgurele" }, "geometry": { "type": "Point", "coordinates": [ 24.8773935, 43.7517061 ] } },
{ "type": "Feature", "properties": { "nume": "SPITALUL DE URGENTA TG CARBUNESTI", "judet": "Gorj", "city": "Târgu Cărbunești" }, "geometry": { "type": "Point", "coordinates": [ 23.5146407, 44.9631661 ] } },
{ "type": "Feature", "properties": { "nume": "SOCIETATEA AVITUM SRL - punct de lucru Sighișoara", "judet": "Mureș", "city": "Sighișoara" }, "geometry": { "type": "Point", "coordinates": [ 24.7963878, 46.2197025 ] } },
{ "type": "Feature", "properties": { "nume": "SOCIETATEA AVITUM SRL - punct de lucru Botoșani", "judet": "Botoșani", "city": "Botoșani" }, "geometry": { "type": "Point", "coordinates": [ 26.6658127, 47.7406537 ] } },
{ "type": "Feature", "properties": { "nume": "SPITALUL CLINIC C.F. IASI", "judet": "Iași", "city": "Iași" }, "geometry": { "type": "Point", "coordinates": [ 27.5736439, 47.1713125 ] } },
{ "type": "Feature", "properties": { "nume": "SOCIETATEA AVITUM SRL - punct de lucru Sfântu Gheorghe", "judet": "Covasna", "city": "Sfântu Gheorghe" }, "geometry": { "type": "Point", "coordinates": [ 25.7885796, 45.8609375 ] } },
{ "type": "Feature", "properties": { "nume": "SOCIETATEA AVITUM SRL - punct de lucru Sângeorgiu de Mureș", "judet": "Mureș", "city": "Sângeorgiu de Mureș" }, "geometry": { "type": "Point", "coordinates": [ 24.608682, 46.5792435 ] } },
{ "type": "Feature", "properties": { "nume": "SPITALUL ORĂȘENESC HAȚEG", "judet": "Hunedoara", "city": "Hațeg" }, "geometry": { "type": "Point", "coordinates": [ 22.95168, 45.611011 ] } },
{ "type": "Feature", "properties": { "nume": "SOCIETATEA AVITUM SRL - punct de lucru Suceava", "judet": "Suceava", "city": "Suceava" }, "geometry": { "type": "Point", "coordinates": [ 26.2732302, 47.6634521 ] } },
{ "type": "Feature", "properties": { "nume": "SOCIETATEA AVITUM SRL - punct de lucru Reșița", "judet": "Caraș-Severin", "city": "Reșița" }, "geometry": { "type": "Point", "coordinates": [ 21.8821033, 45.3049703 ] } },
{ "type": "Feature", "properties": { "nume": "INSTITUTUL NATIONAL DE NEUROLOGIE SI BOLI NEUROVASCULARE", "judet": "București", "city": "Municipiul București" }, "geometry": { "type": "Point", "coordinates": [ 26.127184, 44.387377 ] } },
{ "type": "Feature", "properties": { "nume": "DIAVERUM TARGU MURES - CENTRU DE DIALIZA", "judet": "Mureș", "city": "Târgu Mureș" }, "geometry": { "type": "Point", "coordinates": [ 24.5514392, 46.5385862 ] } },
{ "type": "Feature", "properties": { "nume": "DIAVERUM PETROSANI - CENTRU DE DIALIZA", "judet": "Hunedoara", "city": "Petroșani" }, "geometry": { "type": "Point", "coordinates": [ 23.3754021, 45.4088946 ] } },
{ "type": "Feature", "properties": { "nume": "SPITALUL MILITAR DE URGENTA DR. ALEXANDRU GAFENCU CONSTANTA", "judet": "Constanța", "city": "Constanța" }, "geometry": { "type": "Point", "coordinates": [ 28.6516915, 44.18966 ] } },
{ "type": "Feature", "properties": { "nume": "DIAVERUM FUNDENI - CENTRU DE DIALIZA", "judet": "București", "city": "Municipiul București" }, "geometry": { "type": "Point", "coordinates": [ 26.1025384, 44.4267674 ] } },
{ "type": "Feature", "properties": { "nume": "DIAVERUM BRAILA - CENTRU DE DIALIZA", "judet": "Brăila", "city": "Brăila" }, "geometry": { "type": "Point", "coordinates": [ 27.9594714, 45.2652463 ] } },
{ "type": "Feature", "properties": { "nume": "CENTRUL MEDICAL GALENUS", "judet": "Mureș", "city": "Târgu Mureș" }, "geometry": { "type": "Point", "coordinates": [ 24.574403, 46.55294 ] } },
{ "type": "Feature", "properties": { "nume": "DIAVERUM CRAIOVA - CENTRU DE DIALIZA", "judet": "Dolj", "city": "Craiova" }, "geometry": { "type": "Point", "coordinates": [ 23.7948807, 44.3301785 ] } },
{ "type": "Feature", "properties": { "nume": "DIAVERUM MORARILOR - CENTRU DE DIALIZA", "judet": "București", "city": "Municipiul București" }, "geometry": { "type": "Point", "coordinates": [ 26.1025384, 44.4267674 ] } },
{ "type": "Feature", "properties": { "nume": "SPITALUL ORASENESC VALENII DE MUNTE", "judet": "Prahova", "city": "Vălenii de Munte" }, "geometry": { "type": "Point", "coordinates": [ 26.0350755, 45.1759836 ] } },
{ "type": "Feature", "properties": { "nume": "DIAVERUM MIERCUREA CIUC - CENTRU DE DIALIZA", "judet": "Harghita", "city": "Miercurea Ciuc" }, "geometry": { "type": "Point", "coordinates": [ 25.7953655, 46.3695574 ] } },
{ "type": "Feature", "properties": { "nume": "DIAVERUM TARGU JIU - CENTRU DE DIALIZA", "judet": "Gorj", "city": "Târgu Jiu" }, "geometry": { "type": "Point", "coordinates": [ 23.2689393, 45.0314279 ] } },
{ "type": "Feature", "properties": { "nume": "CENTRUL NAŢIONAL CLINIC DE RECUPERARE NEUROPSIHOMOTORIE COPII \"DR. NICOLAE ROBĂNESCU\"", "judet": "București", "city": "Municipiul București" }, "geometry": { "type": "Point", "coordinates": [ 26.1080119, 44.3901074 ] } },
{ "type": "Feature", "properties": { "nume": "DIAVERUM INDUSTRIILOR - CENTRU DE DIALIZA", "judet": "București", "city": "Municipiul București" }, "geometry": { "type": "Point", "coordinates": [ 26.1025384, 44.4267674 ] } },
{ "type": "Feature", "properties": { "nume": "DIAVERUM GALATI - CENTRU DE DIALIZA", "judet": "Galați", "city": "Galați" }, "geometry": { "type": "Point", "coordinates": [ 28.0079945, 45.4353208 ] } },
{ "type": "Feature", "properties": { "nume": "TEO HEALTH S.A", "judet": "Brașov", "city": "Brașov" }, "geometry": { "type": "Point", "coordinates": [ 25.6014991, 45.6492669 ] } },
{ "type": "Feature", "properties": { "nume": "DIAVERUM BRASOV - CENTRU DE DIALIZA", "judet": "Brașov", "city": "Brașov" }, "geometry": { "type": "Point", "coordinates": [ 25.6011977, 45.6579755 ] } },
{ "type": "Feature", "properties": { "nume": "DIAVERUM ODORHEIU SECUIESC - CENTRU DE DIALIZA", "judet": "Harghita", "city": "Odorheiu Secuiesc" }, "geometry": { "type": "Point", "coordinates": [ 25.2926479, 46.3049996 ] } },
{ "type": "Feature", "properties": { "nume": "INSTITUTUL NAȚIONAL DE ENDOCRINOLOGIE C.I. PARHON, BUCUREȘTI", "judet": "București", "city": "Municipiul București" }, "geometry": { "type": "Point", "coordinates": [ 26.0869097, 44.4604944 ] } },
{ "type": "Feature", "properties": { "nume": "DIAVERUM CONSTANTA - CENTRU DE DIALIZA", "judet": "Constanța", "city": "Constanța" }, "geometry": { "type": "Point", "coordinates": [ 28.6348138, 44.1598013 ] } },
{ "type": "Feature", "properties": { "nume": "DIAVERUM CALARASI - CENTRU DE DIALIZA", "judet": "Călărași", "city": "Călărași" }, "geometry": { "type": "Point", "coordinates": [ 27.3137439, 44.2085144 ] } },
{ "type": "Feature", "properties": { "nume": "SPITALUL MUNICIPAL RÂMNICU SĂRAT", "judet": "Buzău", "city": "Râmnicu Sărat" }, "geometry": { "type": "Point", "coordinates": [ 27.0468792, 45.3783399 ] } },
{ "type": "Feature", "properties": { "nume": "DIAVERUM BUZAU - CENTRU DE DIALIZA", "judet": "Buzău", "city": "Buzău" }, "geometry": { "type": "Point", "coordinates": [ 26.8171122, 45.1371109 ] } },
{ "type": "Feature", "properties": { "nume": "DIAVERUM BUSTENI - CENTRU DE DIALIZA", "judet": "Prahova", "city": "Bușteni" }, "geometry": { "type": "Point", "coordinates": [ 25.5342236, 45.4097148 ] } },
{ "type": "Feature", "properties": { "nume": "SPITAL ORASENESC OTELU-ROSU", "judet": "Caraș-Severin", "city": "Oțelu Roșu" }, "geometry": { "type": "Point", "coordinates": [ 22.36839, 45.5250406 ] } },
{ "type": "Feature", "properties": { "nume": "S.C. SIGMEDICAL SERVICES S.R.L.", "judet": "Suceava", "city": "Suceava" }, "geometry": { "type": "Point", "coordinates": [ 26.2489771, 47.650569 ] } },
{ "type": "Feature", "properties": { "nume": "SAPIENS MEDICAL CENTER SRL", "judet": "București", "city": null }, "geometry": { "type": "Point", "coordinates": [ 26.1258224, 44.4320334 ] } },
{ "type": "Feature", "properties": { "nume": "WEST EYE HOSPITAL SRL", "judet": "București", "city": "Municipiul București" }, "geometry": { "type": "Point", "coordinates": [ 26.132527, 44.41533 ] } },
{ "type": "Feature", "properties": { "nume": "S.C. CARDIOMED S.R.L: CABINETE MEDICALE - Centrul Medical - Punct de lucru", "judet": "Cluj", "city": "Cluj-Napoca" }, "geometry": { "type": "Point", "coordinates": [ 23.5878226, 46.7654762 ] } },
{ "type": "Feature", "properties": { "nume": "S.C. INFOMEDICA S.R.L.", "judet": "Arad", "city": "Arad" }, "geometry": { "type": "Point", "coordinates": [ 21.3007916, 46.1955359 ] } },
{ "type": "Feature", "properties": { "nume": "SPITALUL DE PNEUMOFTIZIOLOGIE BISERICANI", "judet": "Neamț", "city": "Bisericani" }, "geometry": { "type": "Point", "coordinates": [ 26.2383422, 46.9588707 ] } },
{ "type": "Feature", "properties": { "nume": "SOCIETATEA Eligon Pharma SRL", "judet": "București", "city": "Municipiul București" }, "geometry": { "type": "Point", "coordinates": [ 26.1522756, 44.4637573 ] } }
]
}
